地震の発生日,地震の発生時刻,震央地名,緯度,経度,深さ,Ｍ,最大震度
2022/04/19,23:10:36.5,愛知県東部,35°12.2′N,137°45.5′E,46 km,2.7,震度１
2022/04/19,11:57:14.1,岩手県沿岸北部,39°26.2′N,141°55.2′E,94 km,3.9,震度１
2022/04/19,08:16:00.3,茨城県北部,36°52.6′N,140°20.8′E,93 km,5.4,震度５弱
2022/04/19,05:16:45.5,小笠原諸島西方沖,26°50.6′N,141°06.4′E,16 km,4.7,震度１
2022/04/19,00:01:48.4,東京湾,35°37.3′N,140°03.5′E,70 km,3.3,震度１
2022/04/18,14:50:03.1,父島近海,27°01.0′N,142°20.8′E,73 km,3.6,震度１
2022/04/18,13:36:52.1,福島県会津,37°02.4′N,139°23.6′E,7 km,2.3,震度１
2022/04/18,09:55:27.6,福島県沖,37°44.3′N,141°44.2′E,64 km,3.8,震度１
2022/04/18,09:09:09.0,石川県能登地方,37°31.3′N,137°18.7′E,13 km,3.1,震度１
2022/04/18,04:50:44.5,福島県沖,37°43.0′N,141°34.1′E,54 km,4.1,震度２
2022/04/17,18:08:21.7,福島県沖,36°56.0′N,141°12.5′E,42 km,3.2,震度１
2022/04/17,17:20:40.6,福島県沖,37°45.1′N,141°43.7′E,64 km,3.8,震度１
2022/04/17,03:29:29.8,トカラ列島近海,29°19.6′N,129°28.2′E,17 km,2.3,震度１
2022/04/16,06:48:56.9,京都府南部,35°03.3′N,135°33.7′E,13 km,2.8,震度１
2022/04/16,05:35:11.5,能登半島沖,37°31.2′N,137°12.5′E,13 km,2.7,震度１
2022/04/16,02:23:24.7,茨城県北部,36°27.8′N,140°35.9′E,56 km,3.2,震度１
2022/04/15,15:33:08.3,奄美大島北西沖,28°05.3′N,128°13.4′E,19 km,4.3,震度２
2022/04/15,13:53:05.3,福島県浜通り,37°10.4′N,140°53.8′E,99 km,3.5,震度１
2022/04/15,11:27:49.3,福島県沖,37°49.0′N,141°38.0′E,55 km,3.6,震度１
2022/04/15,03:25:28.7,福島県沖,37°04.8′N,141°08.0′E,50 km,4.3,震度３
2022/04/15,01:24:18.8,福島県沖,37°43.0′N,141°34.2′E,56 km,4.0,震度１
2022/04/14,17:28:06.9,青森県東方沖,41°00.4′N,142°00.4′E,59 km,2.9,震度１
2022/04/14,13:08:02.3,茨城県南部,36°03.0′N,139°54.9′E,44 km,3.5,震度２
2022/04/14,12:40:08.2,八丈島東方沖,33°25.9′N,140°57.0′E,48 km,4.7,震度１
2022/04/14,09:14:59.2,沖縄本島北西沖,26°53.4′N,126°30.5′E,0 km,5.0,震度１
2022/04/14,05:19:21.8,沖縄本島北西沖,26°51.4′N,126°25.5′E,12 km,4.9,震度１
2022/04/14,00:34:45.8,釧路沖,42°32.5′N,144°33.6′E,52 km,3.4,震度１
2022/04/13,21:31:28.8,沖縄本島北西沖,26°51.2′N,126°29.5′E,9 km,3.6,震度１
2022/04/13,15:31:17.3,奄美大島北西沖,28°05.6′N,128°04.8′E,13 km,4.3,震度１
2022/04/13,15:14:39.1,沖縄本島北西沖,26°48.4′N,126°25.2′E,22 km,3.9,震度１
2022/04/13,13:29:10.4,茨城県南部,36°04.3′N,139°55.0′E,46 km,3.2,震度２
2022/04/13,11:12:31.2,京都府南部,35°02.6′N,135°34.1′E,13 km,3.9,震度２
2022/04/13,11:11:09.9,京都府南部,35°02.6′N,135°34.1′E,13 km,3.1,震度１
2022/04/13,10:22:32.8,沖縄本島北西沖,26°51.5′N,126°26.5′E,16 km,5.6,震度２
2022/04/13,09:57:25.7,沖縄本島北西沖,26°51.5′N,126°31.9′E,1 km,3.7,震度１
2022/04/13,09:49:47.0,沖縄本島北西沖,26°43.2′N,126°16.8′E,32 km,3.7,震度１
2022/04/13,06:36:17.7,栃木県北部,37°03.7′N,139°51.7′E,8 km,2.6,震度１
2022/04/13,01:07:54.1,千葉県南東沖,34°36.8′N,140°22.1′E,59 km,4.3,震度２
2022/04/12,23:12:26.1,千葉県北西部,35°39.0′N,140°03.5′E,70 km,3.1,震度１
2022/04/12,19:46:43.2,沖縄本島北西沖,26°47.8′N,126°18.3′E,23 km,4.9,震度１
2022/04/12,10:10:20.8,宮城県沖,38°02.6′N,141°41.1′E,50 km,3.7,震度１
2022/04/12,02:24:10.1,硫黄島近海,25°36.2′N,142°59.2′E,120 km,4.7,震度１
2022/04/11,23:01:25.7,父島近海,27°00.2′N,142°25.4′E,67 km,不明,震度１
2022/04/11,16:28:59.6,京都府南部,35°03.0′N,135°33.5′E,14 km,3.5,震度２
2022/04/11,04:37:06.3,熊本県熊本地方,32°44.2′N,130°40.1′E,12 km,2.6,震度２
2022/04/11,02:09:40.2,日向灘,32°38.9′N,131°59.6′E,34 km,3.2,震度１
2022/04/11,00:34:42.0,長野県南部,35°21.2′N,137°41.0′E,7 km,2.3,震度１
2022/04/10,19:03:03.6,茨城県沖,36°33.9′N,140°57.8′E,53 km,3.0,震度１
2022/04/10,18:43:16.4,茨城県沖,36°15.3′N,141°26.4′E,30 km,5.0,震度２
2022/04/10,17:30:23.8,福島県沖,37°18.2′N,141°49.0′E,39 km,4.8,震度３
2022/04/10,14:16:54.7,房総半島南方沖,34°02.9′N,140°16.0′E,52 km,3.9,震度１
2022/04/10,13:39:38.5,トカラ列島近海,29°17.0′N,129°11.8′E,12 km,2.0,震度１
2022/04/10,13:36:07.3,石川県能登地方,37°31.4′N,137°18.9′E,13 km,3.2,震度２
2022/04/10,13:14:49.4,十勝沖,42°09.4′N,143°27.3′E,44 km,3.6,震度１
2022/04/10,11:32:19.8,紀伊水道,33°50.5′N,134°57.8′E,12 km,3.0,震度１
2022/04/10,02:59:54.7,埼玉県南部,35°47.4′N,139°53.9′E,48 km,3.2,震度１
2022/04/09,22:56:14.3,石川県能登地方,37°30.9′N,137°16.7′E,13 km,2.3,震度１
2022/04/09,11:22:34.3,茨城県沖,36°36.9′N,141°00.8′E,45 km,3.4,震度１
2022/04/09,11:13:21.2,和歌山県南部,33°54.2′N,135°24.0′E,52 km,3.7,震度１
2022/04/09,02:48:12.2,石川県能登地方,37°30.7′N,137°16.5′E,13 km,2.8,震度２
2022/04/08,22:36:43.8,石川県能登地方,37°30.8′N,137°16.7′E,13 km,3.0,震度２
2022/04/08,22:29:00.7,石川県能登地方,37°30.7′N,137°16.7′E,13 km,3.3,震度２
2022/04/08,22:10:26.8,石川県能登地方,37°30.7′N,137°16.6′E,13 km,2.7,震度１
2022/04/08,22:04:57.5,石川県能登地方,37°30.6′N,137°16.9′E,13 km,4.2,震度４
2022/04/08,11:27:17.0,根室半島南東沖,42°55.6′N,146°02.8′E,22 km,4.1,震度２
2022/04/08,09:38:07.9,茨城県北部,36°46.7′N,140°34.1′E,9 km,2.9,震度１
2022/04/08,05:30:29.6,和歌山県南部,33°35.3′N,135°51.3′E,39 km,3.1,震度１
2022/04/08,00:18:25.6,新島・神津島近海,34°15.3′N,139°14.9′E,12 km,2.5,震度１
2022/04/07,22:26:07.0,トカラ列島近海,29°23.1′N,129°33.0′E,13 km,2.4,震度１
2022/04/07,16:46:01.7,福井県嶺北,35°57.0′N,136°44.7′E,6 km,3.1,震度２
2022/04/07,14:48:50.3,大阪府北部,34°51.5′N,135°36.6′E,7 km,3.3,震度２
2022/04/07,14:12:08.2,沖縄本島北西沖,26°46.2′N,126°19.3′E,28 km,4.6,震度２
2022/04/07,09:30:35.0,愛知県東部,34°53.7′N,137°29.9′E,11 km,4.7,震度４
2022/04/07,09:25:21.1,新島・神津島近海,34°15.4′N,139°15.3′E,11 km,2.6,震度１
2022/04/06,19:15:53.2,岐阜県飛騨地方,36°02.3′N,137°33.8′E,8 km,2.7,震度１
2022/04/06,17:14:20.6,和歌山県北部,34°00.9′N,135°12.9′E,6 km,3.6,震度４
2022/04/06,16:20:55.3,豊後水道,33°08.1′N,131°59.9′E,49 km,3.3,震度１
2022/04/06,15:18:35.2,宮城県沖,37°51.5′N,141°45.1′E,64 km,4.2,震度２
2022/04/06,12:12:11.1,沖縄本島北西沖,26°52.3′N,126°32.2′E,9 km,4.4,震度１
2022/04/06,12:10:47.3,沖縄本島北西沖,26°48.5′N,126°26.2′E,26 km,3.4,震度１
2022/04/06,04:55:56.7,奄美大島近海,28°20.3′N,129°31.8′E,39 km,3.0,震度１
2022/04/06,04:19:21.1,奄美大島近海,28°21.0′N,129°31.3′E,40 km,3.5,震度１
2022/04/06,00:03:53.9,福島県沖,37°48.0′N,141°34.9′E,53 km,5.2,震度４
2022/04/05,21:47:20.7,トカラ列島近海,29°21.8′N,129°34.1′E,13 km,2.1,震度１
2022/04/05,06:33:58.6,福島県沖,37°43.5′N,141°35.1′E,56 km,3.9,震度１
2022/04/05,05:10:38.4,秋田県内陸北部,39°57.0′N,140°36.2′E,4 km,2.6,震度１
2022/04/04,22:31:44.9,千葉県北西部,35°45.5′N,139°58.7′E,60 km,3.9,震度２
2022/04/04,22:29:54.0,千葉県北西部,35°44.9′N,139°58.3′E,62 km,4.6,震度３
2022/04/04,22:26:38.6,渡島地方北部,42°03.5′N,140°26.2′E,10 km,2.7,震度１
2022/04/04,19:44:41.5,沖縄本島北西沖,26°45.5′N,126°24.9′E,31 km,3.8,震度２
2022/04/04,19:29:03.9,福島県沖,37°20.6′N,141°34.5′E,44 km,5.4,震度４
2022/04/04,11:18:07.7,能登半島沖,37°31.3′N,137°13.0′E,13 km,3.7,震度２
2022/04/04,10:30:15.4,石川県能登地方,37°30.9′N,137°13.4′E,13 km,3.4,震度２
2022/04/04,10:28:07.7,能登半島沖,37°31.1′N,137°12.9′E,13 km,4.0,震度３
2022/04/04,10:26:24.5,能登半島沖,37°31.0′N,137°13.5′E,14 km,4.3,震度４
2022/04/04,03:45:05.1,宮城県南部,37°51.6′N,140°48.0′E,94 km,3.2,震度１
2022/04/04,00:20:33.7,父島近海,27°00.9′N,142°31.4′E,66 km,4.1,震度１
2022/04/03,21:06:23.6,茨城県沖,36°43.7′N,140°45.8′E,91 km,3.1,震度１
2022/04/03,19:23:04.6,父島近海,27°00.9′N,142°08.9′E,71 km,4.1,震度２
2022/04/03,18:58:33.7,大阪府北部,34°54.9′N,135°37.8′E,11 km,3.9,震度３
2022/04/03,18:25:57.7,沖縄本島北西沖,26°49.7′N,126°26.8′E,20 km,3.9,震度１
2022/04/03,18:00:17.5,沖縄本島北西沖,26°48.5′N,126°32.0′E,22 km,4.7,震度２
2022/04/03,15:21:34.6,東京都多摩東部,35°38.1′N,139°30.9′E,28 km,2.6,震度１
2022/04/03,14:38:01.3,福島県沖,37°51.7′N,141°37.1′E,49 km,3.9,震度１
2022/04/03,14:15:50.1,福島県沖,37°48.0′N,141°38.4′E,51 km,3.9,震度１
2022/04/03,09:31:11.7,福島県沖,37°41.3′N,141°34.8′E,55 km,4.0,震度１
2022/04/03,06:27:49.5,福島県沖,37°37.6′N,141°36.4′E,65 km,3.5,震度１
2022/04/03,05:16:54.5,宮城県沖,37°58.3′N,141°40.8′E,51 km,4.3,震度２
2022/04/02,20:26:21.2,父島近海,27°01.1′N,142°18.8′E,74 km,4.2,震度２
2022/04/02,20:16:43.1,日向灘,31°34.0′N,131°51.0′E,22 km,4.6,震度２
2022/04/02,18:33:51.8,福島県沖,37°49.9′N,141°43.2′E,63 km,4.0,震度１
2022/04/02,16:27:15.3,茨城県北部,36°27.6′N,140°34.7′E,56 km,4.4,震度４
2022/04/02,13:57:45.9,トカラ列島近海,29°19.5′N,129°23.6′E,15 km,2.9,震度１
2022/04/02,09:54:29.2,熊本県天草・芦北地方,32°15.5′N,130°34.3′E,8 km,1.9,震度１
2022/04/02,07:36:30.5,宮城県沖,38°55.1′N,141°56.2′E,51 km,3.9,震度２
2022/04/01,19:53:31.3,茨城県南部,35°58.9′N,140°33.9′E,36 km,2.9,震度１
2022/04/01,16:35:19.0,和歌山県北部,34°01.9′N,135°11.1′E,5 km,2.1,震度１
2022/04/01,16:29:42.8,根室地方北部,44°02.1′N,145°04.9′E,2 km,3.0,震度１
2022/04/01,15:21:01.0,西表島付近,24°35.7′N,123°42.0′E,9 km,3.4,震度２
2022/04/01,13:57:10.6,根室地方北部,44°02.0′N,145°04.9′E,2 km,3.0,震度２
2022/04/01,10:50:34.0,京都府南部,35°02.6′N,135°34.0′E,13 km,2.9,震度１
2022/04/01,03:19:35.2,千島列島,45°28.1′N,150°47.0′E,144 km,5.2,震度１
2022/04/01,02:54:39.3,福島県沖,37°44.3′N,141°36.3′E,56 km,3.7,震度１
2022/03/31,23:34:10.4,京都府南部,35°03.0′N,135°33.5′E,13 km,4.4,震度４
2022/03/31,20:52:13.6,東京湾,35°37.3′N,140°01.9′E,73 km,4.7,震度４
2022/03/31,15:52:03.9,栃木県北部,36°42.6′N,139°30.5′E,6 km,3.3,震度１
2022/03/31,08:40:35.6,沖縄本島北西沖,26°51.9′N,126°32.7′E,0 km,4.5,震度１
2022/03/30,21:31:08.9,福島県沖,37°51.0′N,141°43.6′E,62 km,3.9,震度１
2022/03/30,04:51:12.3,福島県沖,37°50.4′N,141°36.1′E,50 km,3.7,震度１
2022/03/30,03:39:20.6,茨城県沖,36°10.0′N,141°03.1′E,37 km,3.6,震度１
2022/03/30,03:01:38.5,沖縄本島北西沖,26°50.4′N,126°17.6′E,12 km,4.9,震度２
2022/03/30,02:36:44.1,沖縄本島北西沖,26°48.1′N,126°27.6′E,19 km,5.5,震度３
2022/03/30,01:00:45.7,宮城県沖,38°14.0′N,141°51.9′E,64 km,3.9,震度１
2022/03/30,00:44:18.6,天草灘,31°58.4′N,129°43.5′E,10 km,3.6,震度２
2022/03/30,00:18:16.0,岩手県沖,40°00.2′N,141°58.4′E,17 km,4.9,震度４
2022/03/29,23:04:06.9,紀伊水道,34°03.1′N,135°07.0′E,4 km,2.4,震度１
2022/03/29,21:50:08.9,奈良県,34°25.3′N,135°52.5′E,9 km,2.2,震度１
2022/03/29,14:05:45.1,宮城県沖,37°54.0′N,141°41.9′E,56 km,4.2,震度２
2022/03/29,01:36:30.5,福島県沖,37°45.5′N,141°35.5′E,55 km,4.5,震度３
2022/03/29,00:59:43.2,種子島近海,30°20.8′N,130°55.8′E,12 km,2.7,震度１
2022/03/28,18:14:56.1,鳥取県中部,35°21.5′N,133°52.2′E,10 km,2.6,震度１
2022/03/28,17:01:49.3,宮城県沖,38°15.1′N,141°47.1′E,57 km,3.7,震度１
2022/03/28,02:48:12.8,日高地方中部,42°31.8′N,142°31.8′E,23 km,4.2,震度２
2022/03/28,02:47:24.9,沖縄本島近海,26°00.2′N,126°47.5′E,61 km,3.5,震度１
2022/03/28,02:13:55.9,福島県沖,37°05.2′N,141°09.0′E,51 km,3.6,震度２
2022/03/27,22:54:09.0,福島県沖,37°49.1′N,141°35.9′E,54 km,4.7,震度３
2022/03/27,22:06:41.1,福島県沖,37°42.5′N,141°34.1′E,54 km,3.8,震度１
2022/03/27,20:12:07.7,福島県沖,37°28.7′N,141°35.1′E,46 km,4.2,震度２
2022/03/27,19:34:47.5,福島県沖,37°51.7′N,141°37.0′E,50 km,4.0,震度１
2022/03/27,16:15:12.0,石川県能登地方,37°30.8′N,137°13.2′E,13 km,3.0,震度１
2022/03/27,12:06:11.6,福島県沖,37°44.6′N,141°42.8′E,64 km,4.2,震度２
2022/03/27,09:34:03.9,福島県沖,37°42.5′N,141°34.3′E,56 km,4.0,震度１
2022/03/27,08:15:31.8,日高地方東部,42°19.1′N,143°03.6′E,53 km,5.1,震度４
2022/03/27,05:08:49.9,種子島近海,30°15.5′N,131°06.4′E,37 km,3.4,震度１
2022/03/27,00:38:52.7,沖縄本島北西沖,26°47.8′N,126°22.6′E,27 km,5.6,震度２
2022/03/26,16:55:54.1,岩手県内陸北部,40°11.4′N,141°06.9′E,11 km,2.7,震度１
2022/03/26,13:15:11.3,宮城県沖,38°53.4′N,142°01.0′E,47 km,3.9,震度２
2022/03/26,12:36:43.9,根室半島南東沖,43°23.8′N,146°07.1′E,84 km,4.2,震度２
2022/03/26,11:18:56.2,宮城県沖,38°33.3′N,142°02.3′E,41 km,3.9,震度１
2022/03/26,05:55:35.9,長野県北部,36°37.8′N,138°25.2′E,1 km,2.3,震度１
2022/03/26,02:32:22.6,十勝沖,42°25.9′N,143°51.9′E,86 km,4.0,震度１
2022/03/26,00:20:08.0,福島県沖,37°31.6′N,141°24.6′E,51 km,4.7,震度３
2022/03/26,00:02:14.0,福井県嶺北,35°55.7′N,136°04.5′E,11 km,2.5,震度１
2022/03/25,21:07:04.6,茨城県沖,36°15.4′N,141°08.9′E,34 km,3.6,震度１
2022/03/25,19:24:09.7,トカラ列島近海,29°23.1′N,129°31.6′E,17 km,不明,震度１
2022/03/25,17:18:11.9,根室半島南東沖,43°19.4′N,146°05.7′E,80 km,3.9,震度２
2022/03/25,15:33:51.4,福島県沖,37°45.7′N,141°33.9′E,51 km,4.0,震度２
2022/03/25,12:08:55.6,宮古島近海,24°55.3′N,124°34.2′E,74 km,4.3,震度２
2022/03/25,12:08:16.2,福島県沖,37°32.1′N,141°22.4′E,52 km,5.2,震度４
2022/03/25,10:01:12.1,国後島付近,43°36.1′N,145°28.8′E,132 km,4.0,震度２
2022/03/24,23:59:00.3,福島県沖,37°48.0′N,141°37.6′E,56 km,3.7,震度１
2022/03/24,23:01:58.8,宮城県沖,37°58.2′N,141°42.4′E,55 km,3.7,震度１
2022/03/24,21:57:23.2,薩摩半島西方沖,31°06.6′N,130°21.3′E,7 km,2.8,震度１
2022/03/24,21:08:31.5,宮城県沖,37°52.3′N,141°41.8′E,55 km,3.9,震度１
2022/03/24,19:31:00.0,福島県沖,37°45.6′N,141°37.7′E,51 km,3.8,震度１
2022/03/24,16:34:29.9,茨城県沖,36°49.5′N,141°08.7′E,46 km,3.7,震度１
2022/03/24,16:03:04.0,埼玉県北部,36°05.1′N,139°16.0′E,120 km,4.0,震度２
2022/03/24,13:42:31.6,新潟県上中越沖,37°12.3′N,138°10.6′E,10 km,2.0,震度１
2022/03/24,13:41:35.5,新潟県上中越沖,37°10.4′N,138°10.7′E,10 km,3.1,震度２
2022/03/24,13:11:54.1,福島県沖,37°51.0′N,141°37.7′E,50 km,4.3,震度２
2022/03/24,12:21:45.6,岐阜県飛騨地方,35°50.8′N,137°18.6′E,9 km,2.6,震度１
2022/03/24,11:48:22.2,福島県会津,37°44.6′N,139°57.7′E,4 km,3.5,震度２
2022/03/24,08:50:50.8,宮城県北部,38°52.2′N,141°34.9′E,75 km,4.1,震度３
2022/03/24,08:06:44.3,宮城県沖,37°58.5′N,141°46.0′E,57 km,4.3,震度２
2022/03/24,07:53:26.4,沖縄本島北西沖,26°48.4′N,126°18.9′E,17 km,5.3,震度２
2022/03/24,03:11:23.8,沖縄本島北西沖,26°49.6′N,126°31.1′E,7 km,5.2,震度２
2022/03/23,20:10:59.4,福島県沖,37°43.0′N,141°32.1′E,54 km,4.3,震度３
2022/03/23,19:46:10.2,福島県沖,37°51.5′N,141°44.6′E,59 km,4.0,震度１
2022/03/23,18:35:04.0,茨城県北部,36°37.9′N,140°38.9′E,7 km,2.3,震度１
2022/03/23,17:02:36.6,福島県沖,37°45.7′N,141°43.3′E,63 km,4.0,震度１
2022/03/23,13:37:21.9,沖縄本島北西沖,26°50.0′N,126°30.1′E,11 km,4.1,震度１
2022/03/23,13:35:30.1,沖縄本島北西沖,26°37.5′N,126°20.1′E,37 km,3.9,震度１
2022/03/23,13:09:03.4,福島県沖,37°47.0′N,141°36.7′E,55 km,4.5,震度３
2022/03/23,11:11:00.7,福島県沖,37°41.1′N,141°35.1′E,55 km,4.1,震度１
2022/03/23,09:59:04.6,石川県能登地方,37°30.5′N,137°18.2′E,13 km,2.4,震度１
2022/03/23,09:23:56.5,石川県能登地方,37°30.9′N,137°17.9′E,14 km,4.3,震度４
2022/03/23,08:13:37.5,沖縄本島北西沖,26°51.4′N,126°28.3′E,12 km,3.2,震度１
2022/03/23,05:36:46.2,石川県能登地方,37°30.8′N,137°15.0′E,14 km,3.3,震度２
2022/03/23,02:41:38.9,台湾付近,23°23.9′N,121°29.5′E,44 km,6.6,震度２
2022/03/22,22:52:35.6,宮城県沖,37°53.9′N,141°42.4′E,59 km,3.8,震度１
2022/03/22,19:22:21.7,福島県沖,37°47.6′N,141°38.5′E,54 km,3.5,震度１
2022/03/22,18:28:49.5,宮城県沖,38°11.7′N,141°42.3′E,51 km,3.7,震度１
2022/03/22,18:25:54.2,北海道東方沖,43°26.5′N,146°50.7′E,52 km,4.1,震度１
2022/03/22,15:07:59.9,宮城県沖,37°51.1′N,141°46.7′E,60 km,3.7,震度１
2022/03/22,13:02:28.5,福島県沖,37°46.4′N,141°36.3′E,54 km,3.7,震度１
2022/03/22,08:12:16.5,福島県沖,37°46.2′N,141°37.3′E,52 km,3.8,震度１
2022/03/22,05:12:19.9,日高地方東部,42°21.2′N,142°59.2′E,54 km,3.7,震度１
2022/03/21,22:21:19.9,宮城県沖,37°53.5′N,141°41.9′E,56 km,4.0,震度１
2022/03/21,17:00:31.3,福島県沖,37°42.3′N,141°39.8′E,81 km,3.8,震度１
2022/03/21,14:22:19.1,福島県沖,37°49.1′N,141°37.4′E,58 km,3.8,震度１
2022/03/21,13:33:35.0,鳥取県西部,35°13.7′N,133°14.8′E,6 km,3.1,震度２
2022/03/21,10:54:21.4,宮城県沖,37°56.9′N,141°44.4′E,56 km,4.1,震度１
2022/03/21,10:43:34.0,福島県沖,37°46.0′N,141°33.7′E,52 km,3.9,震度２
2022/03/21,09:09:58.8,福島県沖,37°52.5′N,141°37.6′E,50 km,4.0,震度１
2022/03/21,09:06:54.5,福島県沖,37°47.2′N,141°36.9′E,56 km,4.0,震度２
2022/03/21,08:44:01.2,福島県沖,37°50.2′N,141°37.6′E,54 km,4.3,震度２
2022/03/21,05:59:48.8,福島県沖,37°42.7′N,141°33.7′E,54 km,3.6,震度１
2022/03/20,22:16:39.5,福島県沖,37°41.3′N,141°32.0′E,55 km,3.9,震度２
2022/03/20,22:13:19.8,宮城県沖,37°53.9′N,141°43.2′E,59 km,4.1,震度２
2022/03/20,19:23:07.4,福島県沖,37°50.7′N,141°37.2′E,49 km,4.0,震度１
2022/03/20,15:35:52.4,宮城県沖,37°53.1′N,141°45.9′E,59 km,3.8,震度１
2022/03/20,14:46:33.5,宮城県沖,37°54.5′N,141°41.6′E,55 km,4.0,震度２
2022/03/20,13:05:17.1,根室半島南東沖,42°52.0′N,145°39.1′E,29 km,3.8,震度１
2022/03/20,11:38:03.0,福島県沖,37°47.4′N,141°36.7′E,54 km,3.9,震度１
2022/03/20,10:11:37.7,岩手県沖,39°57.4′N,142°23.7′E,38 km,3.7,震度１
2022/03/20,08:26:42.4,福島県沖,37°49.0′N,141°36.4′E,50 km,3.8,震度１
2022/03/20,07:00:56.0,日向灘,32°43.2′N,132°03.5′E,38 km,3.4,震度１
2022/03/20,06:15:06.0,福島県沖,37°41.9′N,141°35.9′E,58 km,3.9,震度１
2022/03/20,05:20:05.5,福島県沖,37°51.4′N,141°37.2′E,50 km,3.8,震度１
2022/03/20,05:17:01.4,沖縄本島北西沖,26°47.4′N,126°20.6′E,28 km,4.7,震度１
2022/03/20,03:32:53.1,石川県能登地方,37°30.9′N,137°12.8′E,13 km,3.1,震度１
2022/03/19,22:41:20.1,紀伊水道,34°12.5′N,135°07.0′E,7 km,3.2,震度２
2022/03/19,22:29:24.8,沖縄本島北西沖,26°45.9′N,126°24.3′E,32 km,4.4,震度１
2022/03/19,21:37:35.3,新潟県中越地方,37°16.1′N,138°47.0′E,19 km,2.8,震度１
2022/03/19,21:08:47.3,福島県沖,37°27.6′N,141°32.8′E,46 km,3.7,震度１
2022/03/19,21:07:31.4,宮城県沖,37°55.3′N,141°47.8′E,59 km,4.1,震度１
2022/03/19,16:25:19.5,福島県沖,37°42.5′N,141°33.5′E,54 km,3.6,震度１
2022/03/19,14:11:39.0,福島県沖,37°30.7′N,141°27.7′E,47 km,3.5,震度１
2022/03/19,10:27:35.4,紀伊水道,34°12.5′N,135°06.8′E,6 km,2.8,震度１
2022/03/19,10:23:57.4,紀伊水道,34°12.5′N,135°07.2′E,6 km,2.6,震度１
2022/03/19,10:17:40.3,福島県沖,37°42.1′N,141°34.8′E,54 km,4.2,震度２
2022/03/19,09:48:59.9,紀伊水道,34°12.5′N,135°06.7′E,7 km,3.6,震度２
2022/03/19,08:15:11.2,宮城県沖,37°53.8′N,141°38.9′E,50 km,3.7,震度１
2022/03/19,04:04:20.2,石垣島北西沖,25°34.0′N,123°57.3′E,171 km,5.9,震度３
2022/03/19,00:57:48.7,福島県沖,37°44.1′N,141°42.8′E,58 km,5.0,震度３
2022/03/18,23:25:16.3,岩手県沖,39°59.4′N,142°00.2′E,18 km,5.6,震度５強
2022/03/18,22:04:50.9,宮城県沖,37°54.6′N,141°42.8′E,57 km,4.4,震度３
2022/03/18,21:12:07.5,福島県沖,37°44.9′N,141°33.9′E,52 km,4.1,震度２
2022/03/18,17:20:44.0,茨城県沖,36°24.7′N,141°03.6′E,40 km,3.5,震度１
2022/03/18,15:02:49.1,福島県沖,37°47.8′N,141°35.4′E,56 km,4.0,震度２
2022/03/18,09:49:29.5,福島県沖,37°47.1′N,141°36.6′E,56 km,3.8,震度１
2022/03/18,08:09:20.0,福島県沖,37°41.1′N,141°32.6′E,53 km,3.6,震度１
2022/03/18,08:08:58.9,秋田県内陸南部,39°34.3′N,140°30.5′E,6 km,2.7,震度１
2022/03/18,07:55:29.5,福島県沖,37°51.5′N,141°40.4′E,56 km,3.8,震度１
2022/03/18,07:26:44.7,秋田県内陸南部,39°34.5′N,140°30.3′E,7 km,3.3,震度２
2022/03/18,06:55:03.8,福島県沖,37°49.3′N,141°37.2′E,55 km,3.8,震度１
2022/03/18,04:56:53.8,宮城県沖,38°00.6′N,141°44.2′E,56 km,3.9,震度１
2022/03/18,04:25:51.8,宮城県沖,37°54.1′N,141°44.6′E,55 km,3.9,震度１
2022/03/18,03:31:38.6,福島県沖,37°46.7′N,141°36.3′E,55 km,3.7,震度１
2022/03/18,00:23:24.3,福島県沖,37°49.1′N,141°36.4′E,50 km,3.9,震度１
2022/03/17,21:52:25.8,沖縄本島北西沖,26°50.4′N,126°25.6′E,24 km,4.9,震度２
2022/03/17,21:30:16.7,宮城県沖,37°58.3′N,141°47.4′E,61 km,4.6,震度３
2022/03/17,21:21:30.3,沖縄本島北西沖,26°47.4′N,126°22.6′E,17 km,3.7,震度１
2022/03/17,20:33:35.8,沖縄本島北西沖,26°50.3′N,126°17.6′E,19 km,5.9,震度２
2022/03/17,20:15:52.4,福島県中通り,37°03.6′N,140°34.2′E,5 km,2.8,震度１
2022/03/17,19:58:23.8,福島県沖,37°42.4′N,141°37.1′E,59 km,3.9,震度１
2022/03/17,19:43:12.2,福島県沖,37°46.2′N,141°42.8′E,57 km,4.7,震度３
2022/03/17,19:22:16.4,福島県沖,37°41.5′N,141°39.5′E,58 km,3.9,震度１
2022/03/17,18:45:09.5,釧路沖,42°59.7′N,145°02.1′E,61 km,3.6,震度２
2022/03/17,17:36:40.8,石川県能登地方,37°30.9′N,137°18.2′E,13 km,2.7,震度１
2022/03/17,16:47:05.5,福島県沖,37°41.0′N,141°35.3′E,55 km,4.1,震度１
2022/03/17,14:06:21.3,石垣島北西沖,25°49.1′N,123°51.5′E,179 km,5.3,震度２
2022/03/17,13:53:05.2,福島県沖,37°48.5′N,141°39.1′E,55 km,3.9,震度２
2022/03/17,13:44:58.9,宮城県沖,37°52.7′N,141°41.9′E,57 km,3.7,震度１
2022/03/17,13:17:29.3,福島県沖,37°45.4′N,141°43.4′E,63 km,3.8,震度１
2022/03/17,10:24:30.3,宮城県沖,37°54.7′N,141°41.7′E,55 km,3.8,震度１
2022/03/17,09:30:24.8,福島県沖,37°49.7′N,141°36.6′E,50 km,3.7,震度１
2022/03/17,09:25:48.8,宮城県沖,37°58.1′N,141°41.2′E,51 km,3.8,震度１
2022/03/17,08:40:16.0,福島県沖,37°50.8′N,141°41.4′E,57 km,3.9,震度１
2022/03/17,08:26:09.5,福島県沖,37°37.8′N,141°37.5′E,64 km,3.9,震度１
2022/03/17,08:00:10.0,宮城県沖,37°51.1′N,141°46.2′E,60 km,4.1,震度１
2022/03/17,06:03:59.2,福島県沖,37°49.9′N,141°37.5′E,51 km,4.0,震度２
2022/03/17,05:59:33.0,福井県嶺北,35°44.2′N,136°18.9′E,11 km,2.9,震度１
2022/03/17,05:56:14.7,高知県中部,33°27.8′N,133°26.6′E,7 km,1.9,震度１
2022/03/17,05:22:49.8,宮城県沖,37°56.0′N,141°42.5′E,55 km,3.7,震度１
2022/03/17,05:03:33.2,島根県西部,34°45.6′N,132°00.3′E,13 km,2.8,震度１
2022/03/17,03:05:48.1,福島県沖,37°44.7′N,141°33.5′E,52 km,4.1,震度２
2022/03/17,03:02:00.1,福島県沖,37°45.9′N,141°34.4′E,53 km,3.8,震度１
2022/03/17,02:39:08.8,福島県沖,37°41.2′N,141°36.3′E,59 km,3.9,震度１
2022/03/17,02:28:52.6,福島県沖,37°48.8′N,141°45.5′E,66 km,4.5,震度２
2022/03/17,02:17:40.6,福島県沖,37°47.7′N,141°43.8′E,61 km,4.2,震度２
2022/03/17,02:05:50.9,福島県沖,37°47.0′N,141°35.7′E,54 km,4.1,震度２
2022/03/17,01:57:24.5,福島県沖,37°50.4′N,141°42.1′E,57 km,3.7,震度１
2022/03/17,01:55:14.8,福島県沖,37°46.9′N,141°34.2′E,52 km,3.8,震度１
2022/03/17,01:53:02.4,福島県沖,37°47.6′N,141°38.1′E,51 km,3.6,震度１
2022/03/17,01:45:39.6,福島県沖,37°41.2′N,141°31.7′E,54 km,3.6,震度１
2022/03/17,01:14:29.1,宮城県沖,37°51.0′N,141°46.5′E,61 km,4.4,震度２
2022/03/17,01:06:46.5,宮城県沖,37°54.4′N,141°41.4′E,55 km,4.0,震度１
2022/03/17,00:57:24.8,福島県沖,37°43.6′N,141°32.5′E,53 km,4.2,震度２
2022/03/17,00:56:02.6,岩手県沖,40°00.5′N,142°15.5′E,49 km,3.5,震度１
2022/03/17,00:54:57.4,福島県沖,37°42.7′N,141°44.5′E,66 km,4.1,震度１
2022/03/17,00:54:03.1,福島県沖,37°48.3′N,141°42.2′E,53 km,4.3,震度２
2022/03/17,00:52:29.8,福島県沖,37°47.6′N,141°42.8′E,57 km,5.5,震度４
2022/03/17,00:48:40.1,福島県沖,37°52.6′N,141°38.1′E,48 km,3.6,震度１
2022/03/17,00:33:03.6,福島県沖,37°45.9′N,141°35.3′E,54 km,4.0,震度１
2022/03/17,00:30:21.7,福島県沖,37°43.6′N,141°37.3′E,58 km,4.1,震度２
2022/03/17,00:27:59.0,福島県沖,37°44.5′N,141°33.3′E,51 km,3.8,震度１
2022/03/17,00:13:04.8,福島県沖,37°46.1′N,141°35.5′E,54 km,4.0,震度１
2022/03/17,00:09:56.9,福島県沖,37°44.4′N,141°45.2′E,64 km,4.3,震度２
2022/03/17,00:01:24.9,福島県沖,37°44.3′N,141°44.0′E,64 km,4.1,震度１
2022/03/16,23:51:26.2,宮城県沖,38°01.7′N,141°50.7′E,53 km,4.0,震度１
2022/03/16,23:49:33.3,宮城県沖,37°52.3′N,141°42.1′E,59 km,3.6,震度１
2022/03/16,23:48:17.9,福島県沖,37°47.1′N,141°39.1′E,54 km,4.2,震度２
2022/03/16,23:47:50.9,宮城県沖,37°53.7′N,141°40.3′E,51 km,3.9,震度１
2022/03/16,23:45:56.8,福島県沖,37°49.5′N,141°42.8′E,60 km,4.8,震度３
2022/03/16,23:43:45.8,福島県沖,37°51.3′N,141°43.4′E,63 km,4.7,震度３
2022/03/16,23:36:32.6,福島県沖,37°41.8′N,141°37.3′E,57 km,7.4,震度６強
2022/03/16,23:34:27.0,福島県沖,37°40.8′N,141°36.3′E,57 km,6.1,震度５弱
2022/03/16,11:25:09.6,島根県西部,35°10.3′N,132°39.3′E,8 km,3.1,震度１
2022/03/15,23:00:27.5,紀伊水道,34°13.3′N,135°07.9′E,6 km,2.2,震度１
2022/03/15,19:55:46.4,釧路沖,43°00.6′N,145°07.7′E,79 km,3.7,震度２
2022/03/15,18:21:42.8,宮城県北部,38°53.6′N,140°48.3′E,5 km,2.9,震度１
2022/03/15,15:40:15.8,沖縄本島北西沖,26°44.6′N,126°21.7′E,33 km,4.6,震度１
2022/03/15,15:02:37.3,山口県北西沖,34°35.2′N,131°21.3′E,15 km,3.0,震度１
2022/03/15,03:07:59.3,岐阜県飛騨地方,36°20.5′N,137°37.5′E,2 km,2.3,震度１
2022/03/14,16:26:49.7,神奈川県西部,35°24.4′N,139°12.6′E,24 km,2.7,震度１
2022/03/14,15:15:54.7,上川地方中部,43°36.1′N,142°29.8′E,7 km,1.5,震度１
2022/03/14,14:13:45.0,三重県中部,34°25.2′N,136°21.7′E,7 km,2.9,震度１
2022/03/14,13:28:37.1,茨城県北部,36°42.1′N,140°34.8′E,10 km,2.5,震度１
2022/03/14,02:09:57.6,茨城県北部,36°47.9′N,140°32.4′E,8 km,3.1,震度１
2022/03/14,01:01:30.6,苫小牧沖,41°39.0′N,141°23.6′E,96 km,3.1,震度１
2022/03/13,21:06:34.7,京都府南部,35°11.1′N,135°46.2′E,11 km,3.0,震度１
2022/03/13,12:38:17.3,和歌山県北部,34°01.2′N,135°16.3′E,5 km,3.3,震度２
2022/03/13,09:27:54.9,父島近海,27°01.8′N,142°23.0′E,6 km,不明,震度１
2022/03/13,08:20:47.2,沖縄本島北西沖,26°47.9′N,126°23.4′E,27 km,4.3,震度２
2022/03/13,08:00:49.0,石川県能登地方,37°30.9′N,137°18.0′E,13 km,2.8,震度１
2022/03/13,07:12:38.0,福島県沖,37°35.5′N,141°29.7′E,53 km,3.7,震度１
2022/03/13,03:18:13.8,北海道東方沖,43°26.7′N,146°53.4′E,49 km,4.1,震度１
2022/03/12,20:10:09.0,石川県能登地方,37°30.9′N,137°18.0′E,14 km,2.7,震度１
2022/03/12,19:50:34.8,石川県能登地方,37°30.9′N,137°18.3′E,14 km,3.4,震度２
2022/03/12,19:00:46.8,石川県能登地方,37°31.1′N,137°18.2′E,14 km,3.3,震度２
2022/03/12,17:50:11.3,青森県東方沖,41°14.8′N,142°09.6′E,53 km,3.8,震度１
2022/03/12,17:36:20.1,愛知県西部,35°18.5′N,136°54.8′E,8 km,2.5,震度１
2022/03/12,09:20:04.8,神奈川県西部,35°26.9′N,139°00.6′E,20 km,3.2,震度２
2022/03/12,01:01:26.5,神奈川県西部,35°26.8′N,139°00.5′E,21 km,3.5,震度２
2022/03/11,22:13:25.3,石川県加賀地方,36°22.8′N,136°38.9′E,8 km,2.2,震度１
2022/03/11,18:14:31.4,兵庫県南東部,35°11.5′N,135°06.2′E,14 km,3.5,震度２
2022/03/11,17:59:31.1,兵庫県南東部,35°11.4′N,135°06.0′E,15 km,4.1,震度３
2022/03/11,15:46:19.3,釧路地方中南部,43°16.1′N,144°50.2′E,84 km,3.3,震度１
2022/03/11,03:43:33.5,鹿児島県大隅地方,31°37.8′N,130°57.5′E,7 km,2.2,震度１
2022/03/11,03:13:51.2,石川県能登地方,37°30.4′N,137°17.8′E,13 km,3.3,震度２
2022/03/11,02:30:28.4,石川県能登地方,37°30.5′N,137°17.8′E,13 km,2.6,震度１
2022/03/10,23:12:36.6,茨城県南部,36°05.2′N,139°53.3′E,48 km,4.1,震度２
2022/03/10,19:34:57.5,福島県会津,37°44.6′N,139°57.7′E,4 km,2.9,震度１
2022/03/10,19:32:07.8,石川県能登地方,37°30.2′N,137°17.9′E,13 km,3.7,震度３
2022/03/10,18:36:51.5,釧路沖,42°41.4′N,144°53.7′E,84 km,3.7,震度１
2022/03/10,17:24:12.7,石川県能登地方,37°30.3′N,137°17.8′E,13 km,3.6,震度３
2022/03/10,02:10:40.2,石川県能登地方,37°30.8′N,137°14.5′E,13 km,3.1,震度１
2022/03/09,20:02:16.4,熊本県熊本地方,32°41.9′N,130°42.9′E,18 km,3.1,震度１
2022/03/09,19:39:16.4,三重県南東沖,33°19.2′N,137°59.6′E,340 km,3.5,震度１
2022/03/09,15:52:21.2,八丈島東方沖,33°27.2′N,140°49.6′E,56 km,4.4,震度１
2022/03/09,14:48:34.8,上川地方中部,43°36.0′N,142°29.8′E,10 km,2.2,震度２
2022/03/09,08:31:11.7,山口県中部,34°11.0′N,131°43.9′E,11 km,3.6,震度１
2022/03/09,00:48:32.4,有明海,32°54.6′N,130°27.5′E,13 km,2.6,震度１
2022/03/08,18:50:50.3,神奈川県東部,35°36.1′N,139°28.2′E,27 km,2.6,震度１
2022/03/08,05:02:02.9,山口県中部,34°11.1′N,131°43.8′E,11 km,3.2,震度１
2022/03/08,04:01:47.8,福島県沖,37°38.5′N,141°35.1′E,52 km,4.0,震度２
2022/03/08,02:00:07.4,石川県能登地方,37°30.8′N,137°14.2′E,13 km,3.6,震度２
2022/03/08,01:58:50.3,能登半島沖,37°31.4′N,137°14.2′E,14 km,4.8,震度４
2022/03/08,01:25:10.1,千葉県南部,35°17.7′N,140°04.3′E,70 km,3.4,震度１
2022/03/08,01:06:27.3,石川県能登地方,37°27.5′N,137°15.4′E,11 km,3.9,震度３
2022/03/07,19:09:23.4,十勝沖,42°07.0′N,144°27.4′E,7 km,4.8,震度１
2022/03/07,16:36:07.3,石川県能登地方,37°27.5′N,137°15.4′E,10 km,3.4,震度２
2022/03/07,10:34:12.8,宮城県沖,37°56.5′N,142°15.6′E,32 km,4.4,震度１
2022/03/07,02:01:23.8,秋田県内陸南部,39°34.8′N,140°30.5′E,7 km,3.5,震度２
2022/03/07,01:24:34.7,宮城県沖,38°55.3′N,141°55.9′E,51 km,3.7,震度２
2022/03/06,19:03:26.0,宮城県沖,38°32.2′N,141°43.8′E,53 km,3.6,震度１
2022/03/06,13:56:20.5,宮城県沖,38°48.6′N,141°58.7′E,55 km,3.5,震度１
2022/03/06,10:50:54.9,茨城県北部,36°33.5′N,140°28.1′E,90 km,3.1,震度１
2022/03/06,10:13:32.9,奄美大島近海,27°59.9′N,130°14.9′E,35 km,5.1,震度３
2022/03/06,02:53:34.1,沖縄本島近海,27°15.5′N,128°24.5′E,47 km,3.4,震度１
2022/03/05,21:31:00.5,三重県中部,34°25.2′N,136°21.7′E,7 km,2.7,震度１
2022/03/05,10:28:03.9,茨城県沖,36°33.3′N,141°10.3′E,42 km,3.8,震度１
2022/03/05,07:29:46.8,三陸沖,39°33.6′N,143°39.7′E,13 km,5.2,震度１
2022/03/04,19:56:44.2,和歌山県北部,33°55.6′N,135°17.3′E,8 km,2.9,震度１
2022/03/04,16:01:32.2,石川県能登地方,37°31.3′N,137°18.8′E,12 km,2.8,震度１
2022/03/03,22:28:53.0,福岡県北西沖,33°41.8′N,130°16.0′E,12 km,3.1,震度１
2022/03/03,22:03:40.3,石川県能登地方,37°31.3′N,137°18.7′E,13 km,3.0,震度１
2022/03/03,18:39:33.4,熊本県天草・芦北地方,32°13.4′N,130°20.2′E,12 km,2.7,震度１
2022/03/03,08:53:53.3,日向灘,32°42.3′N,132°01.4′E,37 km,3.6,震度２
2022/03/03,04:30:48.0,沖縄本島北西沖,26°52.6′N,126°25.3′E,20 km,3.8,震度１
2022/03/02,10:30:47.3,石川県能登地方,37°31.4′N,137°17.2′E,13 km,3.1,震度１
2022/03/02,09:08:02.8,茨城県南部,36°04.5′N,139°52.3′E,45 km,3.5,震度２
2022/03/02,05:48:18.2,長野県中部,36°16.2′N,138°20.0′E,7 km,2.2,震度１
2022/03/01,19:54:08.4,岐阜県美濃中西部,35°17.5′N,136°30.1′E,6 km,2.5,震度２
2022/03/01,07:04:41.8,北海道東方沖,43°37.8′N,147°48.0′E,57 km,5.1,震度１
2022/02/28,23:36:11.4,長野県中部,36°16.4′N,138°20.1′E,7 km,2.3,震度１
2022/02/28,13:03:01.0,沖縄本島北西沖,26°43.3′N,126°22.0′E,20 km,3.6,震度１
2022/02/28,08:08:01.4,福島県沖,37°41.4′N,141°35.1′E,49 km,4.1,震度１
2022/02/28,01:50:02.3,沖縄本島近海,26°55.8′N,128°29.4′E,46 km,4.1,震度２
2022/02/27,21:17:17.2,根室半島南東沖,42°50.6′N,146°32.5′E,20 km,4.3,震度１
2022/02/27,20:11:07.8,根室半島南東沖,42°49.8′N,146°31.1′E,20 km,4.5,震度１
2022/02/27,13:39:25.6,石川県能登地方,37°27.9′N,137°11.2′E,12 km,2.9,震度１
2022/02/27,10:20:26.2,父島近海,26°57.4′N,142°40.2′E,56 km,不明,震度１
2022/02/26,17:33:23.0,福島県沖,37°39.4′N,141°38.8′E,56 km,3.8,震度１
2022/02/26,17:08:57.9,岐阜県美濃中西部,35°47.8′N,136°50.0′E,10 km,2.6,震度１
2022/02/26,14:49:50.5,岩手県沖,39°15.9′N,142°27.1′E,41 km,4.8,震度２
2022/02/26,13:12:47.8,岐阜県飛騨地方,36°21.7′N,137°37.5′E,0 km,2.6,震度１
2022/02/26,13:07:05.7,岐阜県飛騨地方,36°21.8′N,137°37.5′E,0 km,3.1,震度２
2022/02/26,10:35:06.3,紀伊水道,33°57.5′N,134°47.9′E,43 km,3.5,震度１
2022/02/26,08:32:02.5,福島県沖,37°30.7′N,141°24.0′E,49 km,4.5,震度３
2022/02/26,04:34:37.4,沖縄本島近海,26°23.8′N,127°43.2′E,17 km,3.0,震度１
2022/02/25,20:10:28.2,択捉島南東沖,44°03.9′N,147°54.3′E,0 km,4.8,震度１
2022/02/25,17:50:52.8,沖縄本島北西沖,26°48.6′N,126°22.0′E,29 km,5.4,震度２
2022/02/25,08:46:41.4,宮城県沖,38°28.3′N,142°01.4′E,43 km,4.3,震度２
2022/02/24,19:50:01.5,橘湾,32°47.0′N,130°06.0′E,7 km,3.0,震度２
2022/02/24,14:18:49.4,宮城県沖,37°54.6′N,141°56.8′E,44 km,4.2,震度２
2022/02/24,06:04:11.5,茨城県沖,36°14.4′N,140°55.7′E,43 km,3.7,震度１
2022/02/24,05:05:44.8,和歌山県南部,33°53.1′N,135°50.9′E,16 km,3.4,震度２
2022/02/24,05:02:48.7,沖縄本島北西沖,26°48.5′N,126°28.3′E,27 km,3.6,震度１
2022/02/24,04:53:14.9,沖縄本島北西沖,26°51.4′N,126°22.9′E,29 km,4.9,震度２
2022/02/23,21:02:13.2,青森県東方沖,40°39.6′N,141°55.6′E,64 km,3.3,震度１
2022/02/23,19:16:28.9,岩手県沿岸北部,39°45.5′N,141°49.9′E,58 km,3.5,震度１
2022/02/23,17:25:21.3,釧路沖,42°57.9′N,145°25.9′E,46 km,3.9,震度２
2022/02/23,14:17:42.8,石川県能登地方,37°30.0′N,137°13.4′E,11 km,3.0,震度１
2022/02/23,00:46:08.7,鹿児島県大隅地方,31°37.8′N,130°57.8′E,7 km,3.1,震度２
2022/02/23,00:02:47.7,鹿児島県薩摩地方,31°58.6′N,130°31.6′E,6 km,2.9,震度１
2022/02/22,21:23:50.0,浦河沖,42°15.8′N,142°31.9′E,72 km,3.5,震度１
2022/02/22,19:55:20.2,石川県能登地方,37°28.0′N,137°11.4′E,12 km,3.0,震度１
2022/02/22,18:34:06.4,千葉県東方沖,35°39.6′N,140°57.6′E,19 km,2.7,震度１
2022/02/22,11:05:17.9,福島県沖,37°42.6′N,141°39.7′E,54 km,4.0,震度１
2022/02/22,05:52:31.2,沖縄本島北西沖,26°51.0′N,126°20.3′E,17 km,5.8,震度２
2022/02/22,04:28:15.2,福島県沖,37°42.3′N,141°39.7′E,54 km,3.9,震度１
2022/02/22,01:56:35.0,根室地方南部,43°13.7′N,145°22.5′E,100 km,3.9,震度２
2022/02/22,00:36:50.9,トカラ列島近海,29°22.1′N,129°03.9′E,15 km,3.5,震度１
2022/02/21,11:38:56.2,茨城県沖,35°53.6′N,140°49.8′E,41 km,3.6,震度１
2022/02/21,11:24:31.3,奄美大島近海,28°46.1′N,130°02.7′E,36 km,4.7,震度２
2022/02/21,11:13:18.7,宮城県沖,38°38.4′N,141°54.2′E,47 km,3.6,震度１
2022/02/21,10:12:50.9,茨城県沖,36°13.9′N,140°59.3′E,43 km,4.4,震度３
2022/02/21,07:11:38.6,遠州灘,34°04.5′N,137°20.7′E,356 km,5.0,震度２
2022/02/20,12:15:19.3,トカラ列島近海,29°16.7′N,129°12.7′E,11 km,2.3,震度１
2022/02/20,11:49:18.6,トカラ列島近海,29°16.1′N,129°15.6′E,8 km,1.9,震度１
2022/02/20,11:39:51.9,トカラ列島近海,29°14.7′N,129°15.5′E,9 km,2.5,震度２
2022/02/20,11:33:25.9,トカラ列島近海,29°14.3′N,129°14.7′E,16 km,2.7,震度２
2022/02/20,11:31:00.5,トカラ列島近海,29°18.9′N,129°13.1′E,3 km,2.4,震度１
2022/02/20,11:30:27.0,トカラ列島近海,29°16.7′N,129°06.6′E,12 km,3.2,震度３
2022/02/20,11:29:10.8,トカラ列島近海,29°16.5′N,129°07.7′E,11 km,2.3,震度２
2022/02/20,11:26:29.4,トカラ列島近海,29°17.4′N,129°11.2′E,7 km,2.0,震度１
2022/02/19,20:56:41.8,奄美大島近海,28°46.6′N,130°02.0′E,33 km,3.6,震度１
2022/02/19,13:17:09.9,茨城県南部,36°11.4′N,140°03.1′E,71 km,3.0,震度１
2022/02/19,10:11:39.1,栃木県南部,36°22.6′N,139°28.6′E,84 km,3.3,震度１
2022/02/19,07:43:54.9,福島県沖,37°08.0′N,141°03.9′E,54 km,3.6,震度２
2022/02/19,02:34:30.9,種子島近海,30°43.6′N,131°10.9′E,33 km,3.9,震度２
2022/02/19,01:12:37.6,沖縄本島近海,26°36.2′N,127°56.2′E,38 km,3.4,震度２
2022/02/18,11:55:06.3,宮城県沖,38°10.4′N,141°42.8′E,52 km,5.3,震度４
2022/02/17,22:15:42.9,宮古島近海,25°01.0′N,125°36.8′E,54 km,4.3,震度２
2022/02/17,18:17:44.7,浦河沖,42°02.5′N,142°32.2′E,57 km,5.0,震度３
2022/02/17,15:31:49.1,東京湾,35°32.8′N,139°57.7′E,81 km,3.2,震度１
2022/02/17,12:40:07.5,茨城県北部,36°48.8′N,140°35.0′E,7 km,3.2,震度１
2022/02/17,08:16:07.6,日向灘,32°41.7′N,132°02.8′E,41 km,3.5,震度１
2022/02/17,08:05:17.7,和歌山県北部,34°09.9′N,135°11.3′E,4 km,2.4,震度１
2022/02/17,00:23:01.3,与那国島近海,24°22.6′N,122°58.8′E,49 km,3.5,震度１
2022/02/16,02:58:10.9,福島県沖,37°46.1′N,141°58.2′E,36 km,4.3,震度２
2022/02/15,22:59:15.4,トカラ列島近海,29°22.3′N,129°32.6′E,13 km,3.1,震度２
2022/02/15,04:17:40.6,奄美大島北東沖,28°51.4′N,130°09.7′E,54 km,4.3,震度２
2022/02/15,02:34:48.5,茨城県沖,36°40.4′N,141°00.3′E,46 km,3.3,震度１
2022/02/14,22:37:49.4,千葉県北東部,35°54.4′N,140°32.7′E,46 km,4.4,震度２
2022/02/14,17:10:47.6,若狭湾,35°37.9′N,135°42.8′E,10 km,3.1,震度１
2022/02/14,13:09:46.9,日向灘,32°39.0′N,131°59.9′E,35 km,3.5,震度２
2022/02/14,11:48:19.4,宮古島近海,24°10.7′N,125°19.6′E,54 km,4.2,震度１
2022/02/14,05:26:38.1,熊本県熊本地方,32°46.3′N,130°44.3′E,10 km,2.2,震度１
2022/02/14,04:03:33.5,鹿児島県大隅地方,31°37.8′N,130°57.9′E,7 km,3.4,震度２
2022/02/13,20:53:09.1,釧路沖,42°21.6′N,144°32.7′E,23 km,4.2,震度１
2022/02/13,17:34:58.6,宮城県沖,38°35.2′N,142°02.5′E,51 km,3.8,震度１
2022/02/13,16:15:01.6,トカラ列島近海,29°25.8′N,129°38.6′E,7 km,2.1,震度２
2022/02/13,15:50:33.5,十勝沖,42°22.6′N,144°03.9′E,61 km,4.6,震度３
2022/02/13,11:09:13.0,福島県会津,37°46.2′N,140°03.4′E,6 km,3.2,震度１
2022/02/13,10:28:35.5,根室半島南東沖,43°11.9′N,145°59.6′E,44 km,3.5,震度１
2022/02/13,10:14:32.9,トカラ列島近海,29°21.5′N,129°36.0′E,21 km,2.3,震度１
2022/02/13,10:05:57.5,福島県浜通り,37°10.1′N,140°54.9′E,92 km,3.7,震度１
2022/02/13,06:00:46.0,十勝地方中部,42°39.8′N,143°32.2′E,74 km,3.8,震度１
2022/02/12,14:12:16.1,茨城県南部,36°04.5′N,139°54.2′E,46 km,3.0,震度１
2022/02/12,12:52:32.3,石川県能登地方,37°31.1′N,137°19.0′E,13 km,3.2,震度２
2022/02/12,12:10:18.5,福島県沖,37°23.4′N,141°46.2′E,41 km,3.7,震度１
2022/02/12,08:22:32.0,日向灘,32°40.3′N,132°01.3′E,42 km,3.9,震度２
2022/02/12,01:43:11.9,台湾付近,23°55.7′N,122°17.5′E,17 km,5.8,震度２
2022/02/11,20:44:34.5,新潟県上中越沖,37°18.1′N,138°19.3′E,22 km,3.2,震度２
2022/02/11,20:40:41.6,新潟県上中越沖,37°18.1′N,138°19.6′E,21 km,3.3,震度２
2022/02/11,09:42:38.3,十勝沖,42°08.3′N,143°25.7′E,17 km,3.9,震度１
2022/02/11,09:04:54.5,福島県沖,37°01.9′N,141°09.6′E,18 km,4.4,震度２
2022/02/11,06:32:50.3,島根県東部,35°22.0′N,133°01.9′E,9 km,4.0,震度２
2022/02/10,15:54:01.3,福島県会津,37°46.6′N,140°03.7′E,6 km,3.2,震度１
2022/02/10,14:44:20.9,長野県南部,35°51.0′N,137°41.1′E,7 km,2.1,震度１
2022/02/10,06:23:39.8,日向灘,32°40.0′N,131°52.0′E,48 km,2.9,震度１
2022/02/10,02:07:57.0,宮城県北部,38°44.3′N,141°33.3′E,59 km,3.8,震度２
2022/02/09,18:47:32.0,茨城県沖,36°14.0′N,140°59.2′E,45 km,3.5,震度１
2022/02/09,17:47:52.1,奄美大島近海,28°00.2′N,129°20.7′E,39 km,3.3,震度２
2022/02/09,14:41:05.5,山形県庄内地方,38°58.0′N,139°59.8′E,18 km,3.3,震度１
2022/02/09,08:54:40.7,宮古島近海,24°43.4′N,125°25.0′E,45 km,3.8,震度１
2022/02/09,07:41:45.7,沖縄本島北西沖,26°46.9′N,126°21.7′E,19 km,5.4,震度２
2022/02/09,04:34:06.0,沖縄本島北西沖,26°46.4′N,126°22.0′E,27 km,4.4,震度１
2022/02/09,03:16:28.8,沖縄本島北西沖,26°49.9′N,126°23.9′E,22 km,3.9,震度１
2022/02/09,03:06:07.4,沖縄本島北西沖,26°52.2′N,126°24.5′E,22 km,3.7,震度１
2022/02/09,02:04:55.5,沖縄本島北西沖,26°48.2′N,126°22.3′E,16 km,3.6,震度１
2022/02/09,01:36:29.6,沖縄本島北西沖,26°49.3′N,126°16.9′E,28 km,5.6,震度２
2022/02/09,01:34:18.4,沖縄本島北西沖,26°49.4′N,126°24.6′E,28 km,3.7,震度１
2022/02/09,01:03:54.3,沖縄本島北西沖,26°47.7′N,126°27.1′E,10 km,4.6,震度１
2022/02/08,18:05:21.1,岐阜県美濃中西部,35°21.0′N,136°33.2′E,12 km,3.0,震度１
2022/02/08,03:28:43.7,宮城県沖,38°10.7′N,141°42.6′E,51 km,3.9,震度２
2022/02/07,17:59:23.7,石川県能登地方,37°30.5′N,137°14.8′E,13 km,4.1,震度３
2022/02/07,05:06:13.6,父島近海,27°03.6′N,142°19.8′E,75 km,4.0,震度１
2022/02/06,19:36:08.6,沖縄本島近海,26°19.4′N,127°42.2′E,15 km,2.8,震度１
2022/02/06,19:14:59.8,茨城県南部,36°04.3′N,139°52.6′E,46 km,4.0,震度３
2022/02/06,17:21:27.7,宮古島近海,24°44.2′N,125°25.2′E,47 km,3.4,震度１
2022/02/06,13:15:31.8,神奈川県東部,35°32.4′N,139°33.9′E,69 km,3.5,震度２
2022/02/06,07:30:10.3,青森県東方沖,41°33.9′N,142°06.0′E,54 km,4.3,震度２
2022/02/06,07:25:05.2,天草灘,32°18.4′N,129°46.8′E,12 km,2.9,震度１
2022/02/06,00:24:37.6,群馬県北部,36°40.0′N,139°18.2′E,8 km,2.4,震度１
2022/02/05,22:02:06.6,日向灘,32°41.0′N,132°03.9′E,35 km,3.1,震度１
2022/02/05,14:54:25.0,和歌山県北部,34°10.0′N,135°11.3′E,4 km,2.0,震度１
2022/02/05,10:42:44.5,愛知県西部,35°15.6′N,137°30.7′E,48 km,2.9,震度１
2022/02/05,06:21:05.0,長野県南部,35°46.4′N,137°33.8′E,7 km,2.3,震度１
2022/02/04,21:02:20.0,石川県能登地方,37°30.6′N,137°12.3′E,12 km,2.8,震度１
2022/02/04,15:39:03.7,和歌山県北部,34°03.0′N,135°16.8′E,6 km,2.4,震度１
2022/02/04,11:36:40.8,日向灘,32°41.0′N,132°02.3′E,41 km,3.5,震度２
2022/02/04,08:17:13.7,日向灘,32°42.7′N,132°03.2′E,39 km,3.8,震度２
2022/02/04,03:38:44.4,新潟県中越地方,36°48.7′N,138°47.9′E,3 km,2.5,震度１
2022/02/04,02:26:12.5,釧路沖,42°56.8′N,145°16.5′E,51 km,3.3,震度１
2022/02/04,02:23:31.6,天草灘,32°18.4′N,129°46.7′E,13 km,3.0,震度１
2022/02/04,00:33:59.7,天草灘,32°18.2′N,129°46.4′E,13 km,3.7,震度２
2022/02/03,16:46:03.1,千葉県東方沖,35°49.2′N,140°54.8′E,28 km,3.4,震度１
2022/02/03,13:35:46.8,千葉県東方沖,35°48.8′N,140°55.1′E,29 km,2.9,震度１
2022/02/03,12:33:46.0,青森県東方沖,40°53.6′N,142°04.4′E,57 km,3.3,震度１
2022/02/03,03:36:01.6,千葉県東方沖,35°49.0′N,140°55.3′E,29 km,4.3,震度２
2022/02/03,03:06:43.4,茨城県沖,35°54.2′N,140°50.8′E,40 km,3.7,震度２
2022/02/02,12:02:36.2,茨城県南部,36°08.4′N,139°51.5′E,50 km,3.6,震度２
2022/02/01,22:32:25.7,日向灘,32°42.9′N,132°03.5′E,39 km,2.8,震度１
2022/02/01,10:15:18.3,千葉県東方沖,35°48.2′N,140°53.9′E,12 km,4.0,震度２
2022/02/01,08:08:21.4,岩手県沖,39°04.6′N,142°24.0′E,47 km,3.9,震度２
2022/02/01,07:35:46.4,福井県嶺北,36°03.9′N,136°13.2′E,9 km,1.7,震度１
2022/02/01,04:33:59.3,神奈川県東部,35°21.3′N,139°32.7′E,100 km,3.9,震度３
2022/01/31,18:00:07.5,千葉県北西部,35°37.9′N,140°06.3′E,69 km,3.8,震度２
2022/01/31,12:02:02.3,千葉県東方沖,35°41.2′N,140°45.4′E,47 km,3.4,震度１
2022/01/31,09:55:46.2,五島列島近海,33°06.8′N,129°36.4′E,12 km,3.1,震度１
2022/01/31,02:10:17.9,長野県中部,36°10.2′N,137°57.8′E,10 km,2.9,震度１
2022/01/31,01:02:57.6,トカラ列島近海,29°21.8′N,129°32.2′E,9 km,2.5,震度１
2022/01/31,00:38:52.5,茨城県北部,36°41.9′N,140°35.1′E,10 km,3.8,震度３
2022/01/30,17:12:06.0,岩手県内陸北部,40°07.3′N,141°09.5′E,10 km,3.3,震度１
2022/01/30,15:57:34.8,奈良県,34°41.5′N,135°56.6′E,9 km,2.9,震度１
2022/01/30,15:50:12.7,宮城県沖,38°16.5′N,141°56.2′E,45 km,3.6,震度１
2022/01/30,15:35:55.8,奈良県,34°41.4′N,135°56.6′E,9 km,4.0,震度３
2022/01/30,08:26:50.4,奈良県,33°57.7′N,135°42.5′E,45 km,3.6,震度２
2022/01/30,02:14:25.5,和歌山県北部,34°01.0′N,135°12.8′E,6 km,2.8,震度２
2022/01/29,21:34:08.1,宮城県沖,38°19.0′N,142°02.7′E,36 km,3.9,震度１
2022/01/29,18:29:14.4,青森県東方沖,41°21.5′N,142°03.8′E,27 km,3.9,震度１
2022/01/29,10:59:11.8,和歌山県北部,34°01.0′N,135°12.8′E,6 km,3.7,震度３
2022/01/29,06:22:00.8,岩手県沖,39°04.6′N,142°24.1′E,46 km,4.0,震度２
2022/01/29,06:00:32.6,岩手県沖,39°04.8′N,142°24.1′E,47 km,4.7,震度３
2022/01/28,16:32:45.8,岐阜県飛騨地方,35°53.2′N,137°18.2′E,9 km,2.7,震度１
2022/01/28,10:35:03.4,宮城県沖,38°13.8′N,141°43.0′E,52 km,4.0,震度２
2022/01/28,04:06:04.4,日向灘,32°38.8′N,131°59.8′E,34 km,3.8,震度２
2022/01/28,00:25:08.0,奈良県,34°06.2′N,135°34.8′E,59 km,3.9,震度２
2022/01/27,21:11:25.9,根室半島南東沖,43°02.4′N,145°49.7′E,40 km,3.3,震度１
2022/01/27,08:51:22.2,日向灘,32°42.2′N,132°01.6′E,37 km,3.4,震度１
2022/01/27,06:09:14.8,茨城県南部,36°02.2′N,140°23.0′E,55 km,4.1,震度２
2022/01/27,04:27:26.7,和歌山県北部,34°13.5′N,135°09.6′E,6 km,2.0,震度１
2022/01/26,16:22:09.4,日向灘,32°39.9′N,132°00.7′E,38 km,3.3,震度１
2022/01/26,14:49:15.9,茨城県南部,36°02.5′N,139°54.1′E,44 km,3.0,震度１
2022/01/26,09:07:06.6,和歌山県北部,33°57.8′N,135°16.4′E,6 km,2.7,震度１
2022/01/25,13:00:17.3,宗谷地方北部,45°00.4′N,142°00.3′E,20 km,2.6,震度１
2022/01/24,20:37:59.7,日向灘,32°40.5′N,132°00.9′E,34 km,3.3,震度１
2022/01/24,19:58:03.6,父島近海,27°03.4′N,142°30.3′E,65 km,4.2,震度１
2022/01/23,22:24:08.5,父島近海,26°09.6′N,142°15.6′E,62 km,4.4,震度２
2022/01/23,19:15:41.9,日向灘,32°42.9′N,132°03.6′E,37 km,3.7,震度２
2022/01/23,19:10:40.8,奄美大島近海,28°17.7′N,129°26.8′E,32 km,3.6,震度２
2022/01/23,14:45:59.7,日向灘,32°42.9′N,132°04.0′E,39 km,3.6,震度１
2022/01/23,13:41:40.3,日向灘,32°42.7′N,132°02.2′E,39 km,3.1,震度１
2022/01/23,13:17:15.1,父島近海,26°58.8′N,141°33.5′E,8 km,4.7,震度１
2022/01/23,10:07:52.5,青森県東方沖,41°12.2′N,142°15.1′E,51 km,3.6,震度１
2022/01/23,09:57:20.6,佐渡付近,38°31.8′N,138°16.3′E,12 km,4.3,震度２
2022/01/23,00:53:19.8,日向灘,32°42.1′N,132°02.7′E,41 km,3.2,震度１
2022/01/22,22:30:53.5,福島県沖,37°21.0′N,141°19.1′E,29 km,3.0,震度１
2022/01/22,20:53:42.2,日向灘,32°42.2′N,132°02.7′E,41 km,3.1,震度１
2022/01/22,16:25:52.4,日向灘,32°40.6′N,132°01.0′E,38 km,2.7,震度１
2022/01/22,14:18:08.8,鳥取県中部,35°24.5′N,133°50.4′E,7 km,2.3,震度１
2022/01/22,13:20:53.4,日向灘,32°42.7′N,132°01.9′E,40 km,4.1,震度３
2022/01/22,13:05:47.9,根室半島南東沖,43°18.5′N,145°54.7′E,90 km,4.1,震度２
2022/01/22,11:57:36.3,日向灘,32°42.7′N,132°03.8′E,40 km,3.6,震度１
2022/01/22,11:48:32.8,日向灘,32°42.3′N,132°03.1′E,40 km,3.3,震度１
2022/01/22,11:05:46.6,日向灘,32°42.1′N,132°02.2′E,40 km,3.1,震度１
2022/01/22,10:04:13.0,日向灘,32°41.0′N,132°01.2′E,40 km,3.4,震度２
2022/01/22,10:00:59.1,日向灘,32°42.6′N,132°01.9′E,39 km,3.3,震度１
2022/01/22,08:32:48.5,日向灘,32°42.5′N,132°03.6′E,39 km,3.5,震度２
2022/01/22,06:48:14.0,日向灘,32°42.6′N,132°01.9′E,37 km,4.1,震度３
2022/01/22,06:34:41.9,日向灘,32°44.5′N,132°04.7′E,44 km,3.7,震度１
2022/01/22,05:31:50.9,日向灘,32°43.0′N,132°03.5′E,38 km,4.7,震度３
2022/01/22,05:08:42.8,日向灘,32°41.7′N,132°01.9′E,39 km,3.4,震度１
2022/01/22,05:01:57.6,日向灘,32°39.3′N,132°04.9′E,36 km,3.7,震度１
2022/01/22,04:55:02.8,父島近海,27°03.2′N,142°14.2′E,74 km,不明,震度１
2022/01/22,03:43:21.8,日向灘,32°38.7′N,132°00.1′E,39 km,4.0,震度２
2022/01/22,03:17:11.2,日向灘,32°44.1′N,132°04.5′E,45 km,4.0,震度２
2022/01/22,03:06:46.3,日向灘,32°37.8′N,132°00.1′E,39 km,3.6,震度１
2022/01/22,02:56:02.4,日向灘,32°41.3′N,132°02.1′E,42 km,3.5,震度１
2022/01/22,02:45:51.9,日向灘,32°41.1′N,132°00.7′E,35 km,3.4,震度１
2022/01/22,02:43:32.9,日向灘,32°39.9′N,132°01.6′E,40 km,4.1,震度３
2022/01/22,02:28:48.2,日向灘,32°41.9′N,132°02.3′E,41 km,3.0,震度１
2022/01/22,02:20:33.0,日向灘,32°39.0′N,132°00.9′E,39 km,4.0,震度２
2022/01/22,02:15:27.5,日向灘,32°41.1′N,132°04.4′E,39 km,3.6,震度１
2022/01/22,02:04:26.6,日向灘,32°41.8′N,132°02.5′E,39 km,2.8,震度１
2022/01/22,01:56:03.2,日向灘,32°42.4′N,132°03.9′E,38 km,3.5,震度１
2022/01/22,01:45:56.4,日向灘,32°43.7′N,132°03.6′E,38 km,3.3,震度１
2022/01/22,01:43:17.0,日向灘,32°43.3′N,132°03.8′E,37 km,3.5,震度１
2022/01/22,01:27:09.7,日向灘,32°43.9′N,132°04.7′E,39 km,3.6,震度１
2022/01/22,01:21:41.5,日向灘,32°42.5′N,132°03.5′E,38 km,4.5,震度３
2022/01/22,01:17:49.7,日向灘,32°42.7′N,132°04.5′E,37 km,3.9,震度２
2022/01/22,01:14:37.8,日向灘,32°41.0′N,132°01.2′E,38 km,3.6,震度１
2022/01/22,01:12:06.5,日向灘,32°43.2′N,132°03.7′E,37 km,3.9,震度１
2022/01/22,01:10:59.2,日向灘,32°43.5′N,132°04.3′E,43 km,3.6,震度１
2022/01/22,01:08:37.5,日向灘,32°42.9′N,132°04.3′E,45 km,6.6,震度５強
2022/01/21,08:59:37.9,北海道東方沖,43°51.9′N,147°41.2′E,0 km,4.8,震度１
2022/01/21,02:25:31.7,宮城県沖,38°47.6′N,142°02.7′E,35 km,3.5,震度１
2022/01/20,18:35:45.3,鳥取県中部,35°24.5′N,133°50.4′E,7 km,2.3,震度１
2022/01/20,08:14:50.2,新潟県中越地方,36°49.1′N,138°45.3′E,4 km,3.1,震度１
2022/01/20,05:25:09.3,トカラ列島近海,29°35.5′N,129°36.8′E,13 km,2.9,震度１
2022/01/20,04:39:10.1,岩手県沿岸北部,39°35.2′N,141°32.2′E,75 km,3.4,震度１
2022/01/19,19:46:22.4,熊本県熊本地方,33°05.0′N,130°34.0′E,14 km,2.8,震度１
2022/01/19,16:34:54.7,熊本県熊本地方,32°48.5′N,130°37.2′E,14 km,3.3,震度２
2022/01/19,03:34:45.5,日向灘,31°42.5′N,132°03.8′E,47 km,3.9,震度１
2022/01/19,02:28:53.6,福島県沖,37°24.4′N,141°54.6′E,41 km,4.4,震度２
2022/01/18,22:50:18.1,茨城県北部,36°50.7′N,140°37.6′E,8 km,4.0,震度２
2022/01/18,14:05:13.3,岐阜県飛騨地方,36°02.2′N,137°31.5′E,5 km,2.2,震度１
2022/01/18,08:16:42.2,遠州灘,34°32.9′N,137°36.0′E,35 km,3.6,震度２
2022/01/18,07:47:36.8,兵庫県南東部,35°12.3′N,135°10.5′E,15 km,2.9,震度１
2022/01/18,03:37:06.8,父島近海,27°03.3′N,142°13.2′E,69 km,不明,震度１
2022/01/18,03:35:36.1,父島近海,26°59.4′N,142°24.2′E,63 km,4.1,震度１
2022/01/17,02:02:52.1,父島近海,27°04.3′N,142°00.5′E,67 km,不明,震度１
2022/01/16,17:15:41.3,台湾付近,24°06.3′N,122°16.2′E,52 km,5.4,震度１
2022/01/16,10:40:55.3,紀伊水道,34°10.0′N,135°10.3′E,4 km,2.8,震度２
2022/01/15,23:41:58.8,根室半島南東沖,43°08.9′N,146°04.3′E,67 km,4.3,震度２
2022/01/15,22:52:02.3,根室半島南東沖,43°17.4′N,146°10.1′E,46 km,4.0,震度１
2022/01/15,19:56:46.3,宮城県沖,38°18.5′N,141°58.3′E,44 km,3.8,震度１
2022/01/15,14:42:54.4,茨城県南部,36°11.3′N,140°05.3′E,66 km,2.9,震度１
2022/01/15,10:28:15.5,宮城県沖,38°14.1′N,141°44.9′E,51 km,4.2,震度２
2022/01/15,09:46:52.3,父島近海,27°00.2′N,142°10.6′E,73 km,不明,震度１
2022/01/15,09:21:49.7,若狭湾,35°47.2′N,135°49.5′E,14 km,3.7,震度１
2022/01/14,13:11:14.3,石川県能登地方,37°30.7′N,137°13.0′E,13 km,3.6,震度２
2022/01/14,06:55:32.1,父島近海,27°01.6′N,142°22.7′E,71 km,不明,震度２
2022/01/14,00:56:49.2,千葉県東方沖,35°23.6′N,140°25.2′E,58 km,3.5,震度２
2022/01/13,15:26:16.4,大隅半島東方沖,31°05.2′N,131°29.4′E,30 km,4.6,震度３
2022/01/13,00:48:21.3,種子島近海,30°25.9′N,131°03.0′E,33 km,3.2,震度１
2022/01/13,00:46:06.2,種子島近海,30°25.9′N,131°03.5′E,32 km,4.4,震度２
2022/01/12,21:19:51.7,千葉県東方沖,35°26.5′N,140°28.7′E,57 km,3.3,震度１
2022/01/12,05:17:09.0,父島近海,26°59.1′N,142°38.3′E,55 km,4.4,震度１
2022/01/12,02:19:42.8,父島近海,27°02.7′N,142°23.2′E,71 km,4.2,震度２
2022/01/11,16:40:57.0,宮古島近海,25°03.0′N,125°40.4′E,63 km,4.3,震度１
2022/01/11,12:23:49.6,大分県南部,32°59.7′N,131°54.8′E,10 km,3.9,震度３
2022/01/11,09:52:42.1,宮城県沖,38°51.5′N,142°06.5′E,44 km,3.9,震度２
2022/01/11,04:18:50.3,茨城県沖,36°16.7′N,140°40.8′E,82 km,3.7,震度２
2022/01/10,23:09:19.8,父島近海,27°00.6′N,142°30.7′E,69 km,4.1,震度１
2022/01/10,05:23:13.8,釧路沖,42°32.7′N,144°17.4′E,68 km,4.1,震度１
2022/01/10,03:25:10.8,石川県能登地方,37°29.9′N,137°12.5′E,12 km,3.0,震度１
2022/01/10,00:55:07.2,奄美大島近海,28°22.7′N,129°20.3′E,15 km,3.8,震度２
2022/01/09,23:50:06.5,石川県能登地方,37°30.1′N,137°17.5′E,12 km,2.4,震度１
2022/01/09,10:10:38.6,宮古島近海,24°45.2′N,125°18.6′E,42 km,3.6,震度１
2022/01/09,05:11:45.6,福岡県北西沖,33°47.0′N,130°13.0′E,12 km,2.9,震度１
2022/01/09,03:51:20.7,トカラ列島近海,29°15.4′N,129°09.2′E,12 km,3.1,震度１
2022/01/08,21:37:26.0,沖縄本島近海,27°26.9′N,128°39.1′E,43 km,3.8,震度２
2022/01/08,14:38:25.8,青森県東方沖,40°30.8′N,141°41.4′E,78 km,2.7,震度１
2022/01/08,06:58:16.1,能登半島沖,37°31.0′N,137°12.8′E,13 km,2.6,震度１
2022/01/08,02:44:45.9,茨城県北部,36°45.1′N,140°34.8′E,10 km,2.9,震度１
2022/01/07,21:31:31.0,トカラ列島近海,29°15.0′N,129°09.1′E,12 km,3.0,震度１
2022/01/07,19:31:10.2,宮古島近海,24°44.6′N,125°25.2′E,46 km,3.1,震度１
2022/01/07,18:19:30.6,長野県中部,36°16.8′N,138°02.6′E,3 km,2.1,震度１
2022/01/07,14:31:59.5,宮古島近海,24°43.9′N,125°25.0′E,45 km,3.6,震度１
2022/01/07,08:24:40.0,橘湾,32°41.5′N,130°00.9′E,14 km,2.1,震度１
2022/01/07,07:24:52.0,沖縄本島近海,27°26.1′N,128°33.5′E,49 km,4.3,震度３
2022/01/07,03:29:59.8,島根県西部,34°51.4′N,132°12.5′E,9 km,3.2,震度１
2022/01/07,01:59:13.0,和歌山県南部,33°54.1′N,135°24.1′E,52 km,3.8,震度２
2022/01/06,17:33:34.2,茨城県南部,36°18.7′N,139°57.7′E,106 km,3.7,震度１
2022/01/05,22:45:31.3,宮城県沖,38°42.3′N,141°48.1′E,53 km,2.8,震度１
2022/01/05,21:34:16.4,茨城県南部,36°08.6′N,140°01.9′E,49 km,3.8,震度３
2022/01/05,03:42:16.7,父島近海,27°11.3′N,141°09.7′E,86 km,不明,震度１
2022/01/04,23:46:28.7,トカラ列島近海,29°17.2′N,129°07.3′E,11 km,2.5,震度１
2022/01/04,20:37:12.5,福島県沖,37°33.1′N,141°28.3′E,54 km,3.9,震度１
2022/01/04,19:41:02.9,石川県能登地方,37°30.6′N,137°12.8′E,13 km,3.5,震度２
2022/01/04,19:10:47.1,宮城県沖,38°21.4′N,142°06.8′E,37 km,3.8,震度１
2022/01/04,15:47:22.1,北海道南西沖,41°34.5′N,139°20.1′E,17 km,4.1,震度１
2022/01/04,14:35:07.1,福島県沖,37°39.4′N,141°37.7′E,55 km,4.2,震度２
2022/01/04,13:47:06.3,新潟県中越地方,36°49.6′N,138°44.7′E,4 km,2.7,震度１
2022/01/04,06:08:51.5,父島近海,27°03.9′N,142°06.8′E,77 km,6.1,震度５強
2022/01/04,05:06:48.2,日向灘,32°44.5′N,132°19.7′E,37 km,3.1,震度１
2022/01/03,19:04:36.1,宮城県沖,38°51.9′N,142°02.2′E,46 km,3.7,震度２
2022/01/03,18:46:36.4,台湾付近,23°56.6′N,122°13.0′E,27 km,6.3,震度２
2022/01/03,15:25:24.5,茨城県南部,36°04.6′N,139°51.2′E,47 km,3.1,震度１
2022/01/03,07:08:39.5,若狭湾,35°52.3′N,135°58.6′E,11 km,3.1,震度１
2022/01/03,05:52:43.1,浦河沖,42°02.4′N,142°36.2′E,64 km,3.6,震度１
2022/01/03,04:16:23.8,福島県沖,37°00.7′N,141°20.4′E,44 km,3.4,震度１
2022/01/02,23:17:23.2,紀伊水道,34°07.5′N,135°06.1′E,9 km,3.7,震度３
2022/01/02,21:49:02.1,伊豆大島近海,34°48.3′N,139°13.4′E,10 km,2.2,震度１
2022/01/02,16:12:00.2,新潟県上越地方,37°13.3′N,138°26.5′E,13 km,2.0,震度１
2022/01/02,10:50:54.9,千葉県南部,35°19.7′N,140°03.8′E,72 km,3.5,震度１
2022/01/02,07:46:15.7,千葉県北東部,35°44.2′N,140°40.8′E,50 km,3.8,震度２
2022/01/02,05:53:26.7,福島県会津,37°16.0′N,139°44.7′E,6 km,2.4,震度１
2022/01/02,05:50:07.9,福島県会津,37°16.0′N,139°44.8′E,8 km,2.4,震度１
2022/01/02,03:49:31.7,石川県能登地方,37°30.0′N,137°12.7′E,13 km,3.6,震度２
2022/01/01,16:02:28.5,宮古島近海,24°48.3′N,125°03.2′E,28 km,4.0,震度２
2022/01/01,12:31:28.7,広島県北部,35°03.7′N,133°02.5′E,6 km,2.4,震度１
2022/01/01,10:49:10.4,徳島県南部,33°36.5′N,134°16.0′E,35 km,3.0,震度１
2021/12/31,23:23:38.2,種子島近海,29°58.9′N,130°48.6′E,28 km,3.8,震度１
2021/12/31,23:17:20.1,岩手県内陸北部,40°12.9′N,141°05.4′E,8 km,2.6,震度１
2021/12/31,14:52:43.0,石川県能登地方,37°30.8′N,137°14.5′E,14 km,4.3,震度３
2021/12/31,04:02:07.1,和歌山県北部,34°16.8′N,135°16.2′E,8 km,3.3,震度２
2021/12/30,17:45:37.4,宮古島近海,25°11.9′N,125°37.5′E,36 km,4.7,震度１
2021/12/30,15:47:09.2,与那国島近海,23°54.6′N,122°29.2′E,22 km,5.5,震度２
2021/12/30,12:59:14.8,岩手県沖,39°37.9′N,142°06.3′E,49 km,3.5,震度１
2021/12/30,09:41:58.9,千葉県北西部,35°38.6′N,140°07.3′E,71 km,4.2,震度２
2021/12/30,09:37:07.9,宮古島近海,25°12.9′N,125°37.6′E,35 km,4.2,震度１
2021/12/30,08:53:51.4,熊本県熊本地方,32°30.2′N,130°38.3′E,10 km,2.9,震度１
2021/12/29,22:08:10.0,トカラ列島近海,29°23.3′N,129°30.1′E,21 km,2.5,震度１
2021/12/29,11:33:05.5,東京都２３区,35°42.1′N,139°36.9′E,31 km,3.5,震度３
2021/12/29,09:22:15.6,京都府南部,35°04.5′N,135°36.5′E,12 km,3.4,震度２
2021/12/29,07:08:37.6,長野県中部,36°07.4′N,137°38.5′E,6 km,2.4,震度１
2021/12/29,05:47:38.0,浦河沖,42°02.2′N,142°35.7′E,62 km,3.9,震度１
2021/12/29,04:23:10.6,京都府南部,35°04.4′N,135°36.6′E,12 km,2.8,震度１
2021/12/29,02:45:43.6,青森県東方沖,41°35.2′N,142°05.4′E,54 km,3.2,震度１
2021/12/29,02:18:14.4,釧路沖,43°04.0′N,145°10.1′E,19 km,3.2,震度１
2021/12/28,11:59:29.5,熊本県天草・芦北地方,32°30.0′N,130°32.0′E,10 km,2.8,震度１
2021/12/28,09:07:29.7,トカラ列島近海,29°24.4′N,129°37.2′E,9 km,2.1,震度１
2021/12/28,07:52:54.0,岩手県沿岸北部,39°45.4′N,141°50.8′E,58 km,3.4,震度１
2021/12/28,04:17:43.9,和歌山県北部,34°12.9′N,135°12.2′E,4 km,2.6,震度２
2021/12/28,04:08:53.8,千葉県北東部,35°44.9′N,140°40.9′E,46 km,3.5,震度１
2021/12/27,11:43:35.0,長野県北部,36°42.0′N,138°23.8′E,4 km,2.4,震度１
2021/12/27,09:11:50.9,硫黄島近海,23°01.2′N,143°17.8′E,154 km,5.4,震度１
2021/12/27,07:17:54.9,熊本県熊本地方,32°39.4′N,130°41.3′E,10 km,2.5,震度１
2021/12/27,04:40:04.9,浦河沖,41°57.0′N,142°20.6′E,71 km,4.2,震度２
2021/12/27,02:52:57.5,岩手県沖,39°06.5′N,142°07.5′E,44 km,3.5,震度１
2021/12/27,01:17:59.4,宮古島近海,25°07.6′N,125°37.6′E,37 km,4.2,震度１
2021/12/26,22:40:59.3,父島近海,28°08.1′N,141°57.2′E,65 km,4.8,震度１
2021/12/26,20:10:27.5,宮城県沖,38°49.2′N,141°59.9′E,46 km,3.2,震度１
2021/12/26,18:50:30.7,高知県中部,33°42.6′N,133°24.8′E,6 km,3.2,震度２
2021/12/26,18:17:01.1,宮古島近海,25°10.8′N,125°37.4′E,37 km,4.9,震度１
2021/12/26,17:26:47.1,宮古島近海,25°08.3′N,125°37.9′E,39 km,6.1,震度４
2021/12/26,13:38:41.8,千葉県東方沖,35°39.1′N,140°51.1′E,13 km,3.3,震度１
2021/12/26,04:46:10.6,根室半島南東沖,43°00.6′N,145°42.5′E,45 km,3.9,震度１
2021/12/26,03:46:10.6,トカラ列島近海,29°22.0′N,129°33.9′E,15 km,2.3,震度１
2021/12/26,00:13:29.3,長野県北部,36°54.7′N,138°34.3′E,5 km,3.4,震度２
2021/12/25,19:40:40.4,国後島付近,43°58.0′N,145°43.7′E,127 km,3.8,震度１
2021/12/25,13:37:17.6,種子島近海,29°58.4′N,130°32.4′E,19 km,3.7,震度１
2021/12/25,09:30:58.5,栃木県北部,37°03.7′N,139°51.6′E,8 km,4.0,震度３
2021/12/25,05:01:57.1,長野県北部,36°54.8′N,138°34.3′E,6 km,3.0,震度１
2021/12/25,04:41:40.5,長野県北部,36°54.8′N,138°34.5′E,6 km,3.4,震度２
2021/12/25,03:07:17.6,和歌山県北部,34°02.0′N,135°15.6′E,4 km,3.2,震度１
2021/12/24,16:16:16.5,トカラ列島近海,29°21.4′N,129°33.6′E,7 km,2.0,震度１
2021/12/23,17:45:21.7,千葉県東方沖,35°32.2′N,140°58.8′E,33 km,4.2,震度１
2021/12/23,06:53:51.7,青森県東方沖,40°59.1′N,142°23.6′E,47 km,4.0,震度１
2021/12/23,00:32:57.5,西表島付近,24°08.1′N,123°50.5′E,19 km,3.2,震度１
2021/12/22,22:51:25.9,和歌山県北部,34°12.6′N,135°13.1′E,3 km,2.0,震度１
2021/12/22,18:41:13.8,能登半島沖,37°31.1′N,137°13.4′E,13 km,2.7,震度１
2021/12/22,17:42:15.8,福島県会津,37°46.3′N,140°03.9′E,7 km,2.9,震度１
2021/12/22,16:06:57.8,沖縄本島北西沖,27°06.7′N,126°35.6′E,18 km,4.8,震度１
2021/12/22,13:48:34.9,トカラ列島近海,29°20.1′N,129°27.7′E,15 km,2.4,震度１
2021/12/22,06:40:37.4,トカラ列島近海,29°19.4′N,129°34.0′E,14 km,2.6,震度１
2021/12/22,04:57:33.0,トカラ列島近海,29°25.2′N,129°28.5′E,25 km,2.6,震度１
2021/12/21,11:53:15.7,国後島付近,43°43.8′N,146°03.0′E,96 km,5.0,震度３
2021/12/21,08:00:17.2,奈良県,34°38.2′N,135°42.6′E,5 km,2.7,震度１
2021/12/21,01:05:26.1,日高地方中部,42°23.1′N,142°39.4′E,39 km,4.8,震度３
2021/12/20,03:02:18.9,栃木県南部,36°14.3′N,139°46.9′E,59 km,3.4,震度２
2021/12/19,20:01:15.9,トカラ列島近海,29°18.3′N,129°29.8′E,12 km,2.7,震度１
2021/12/19,17:54:20.6,宮城県沖,38°25.8′N,141°54.9′E,63 km,3.8,震度１
2021/12/19,16:27:25.8,石川県能登地方,37°30.6′N,137°12.8′E,13 km,2.7,震度１
2021/12/19,08:17:19.8,愛知県西部,34°53.4′N,136°51.3′E,18 km,2.7,震度１
2021/12/19,07:49:59.8,父島近海,27°23.9′N,142°12.0′E,38 km,不明,震度１
2021/12/19,06:41:30.6,静岡県中部,35°00.6′N,138°24.4′E,26 km,3.2,震度１
2021/12/19,00:47:08.6,鹿児島県薩摩地方,31°58.2′N,130°28.8′E,9 km,2.7,震度１
2021/12/18,23:45:48.5,鹿児島県薩摩地方,31°58.2′N,130°28.8′E,9 km,2.8,震度１
2021/12/18,09:22:44.0,長野県中部,36°17.0′N,138°02.3′E,3 km,2.3,震度１
2021/12/18,09:16:56.9,山梨県東部・富士五湖,35°29.2′N,138°57.1′E,24 km,3.4,震度２
2021/12/17,23:49:55.5,長野県中部,36°16.8′N,138°02.3′E,3 km,2.1,震度１
2021/12/17,23:47:34.2,石垣島近海,24°12.0′N,124°00.6′E,26 km,3.1,震度１
2021/12/17,23:46:56.0,長野県中部,36°16.8′N,138°02.4′E,3 km,1.9,震度１
2021/12/17,16:16:28.4,伊豆大島近海,34°47.5′N,139°13.2′E,9 km,2.8,震度２
2021/12/17,15:58:59.3,トカラ列島近海,29°23.8′N,129°32.6′E,11 km,3.4,震度２
2021/12/17,14:39:48.2,福島県沖,37°40.2′N,141°33.0′E,81 km,3.8,震度１
2021/12/17,10:06:15.2,岩手県沖,40°03.0′N,141°54.6′E,11 km,2.7,震度１
2021/12/17,04:36:06.9,奄美大島近海,27°48.2′N,128°31.0′E,63 km,4.0,震度２
2021/12/17,03:29:00.7,兵庫県南東部,35°12.2′N,135°10.4′E,15 km,3.1,震度１
2021/12/16,17:02:44.9,千葉県北西部,35°49.1′N,139°55.6′E,51 km,3.5,震度２
2021/12/16,16:51:55.2,トカラ列島近海,29°20.5′N,129°34.3′E,13 km,2.7,震度２
2021/12/16,16:48:28.0,奄美大島近海,28°13.7′N,129°34.2′E,41 km,3.6,震度１
2021/12/16,10:48:59.1,宮城県沖,38°29.3′N,142°08.9′E,41 km,3.8,震度１
2021/12/16,08:05:33.4,胆振地方中東部,42°39.6′N,141°59.5′E,39 km,2.9,震度１
2021/12/16,03:01:19.6,茨城県沖,36°44.2′N,141°23.5′E,43 km,4.0,震度１
2021/12/15,16:46:36.5,宮城県沖,38°32.3′N,141°44.1′E,53 km,3.6,震度１
2021/12/15,05:28:44.0,千葉県東方沖,35°45.7′N,140°54.8′E,28 km,2.8,震度１
2021/12/15,01:47:53.9,トカラ列島近海,29°20.3′N,129°30.2′E,16 km,2.8,震度２
2021/12/15,00:47:32.2,静岡県東部,35°17.5′N,139°00.5′E,1 km,2.2,震度２
2021/12/14,22:49:48.9,トカラ列島近海,29°25.2′N,129°25.8′E,27 km,2.7,震度１
2021/12/14,18:50:32.5,トカラ列島近海,29°20.9′N,129°32.9′E,9 km,2.8,震度２
2021/12/14,17:19:13.6,朝鮮半島南部,33°00.3′N,126°02.7′E,35 km,5.1,震度１
2021/12/14,14:55:10.6,硫黄島近海,25°26.8′N,141°26.4′E,38 km,4.6,震度１
2021/12/14,09:09:38.3,トカラ列島近海,29°20.5′N,129°27.7′E,12 km,2.9,震度２
2021/12/14,06:48:43.6,トカラ列島近海,29°20.1′N,129°29.3′E,11 km,2.9,震度１
2021/12/14,03:33:16.2,長野県北部,36°30.6′N,137°45.6′E,2 km,2.0,震度１
2021/12/13,23:44:00.8,熊本県熊本地方,32°41.9′N,130°43.1′E,13 km,2.8,震度１
2021/12/13,23:16:12.6,トカラ列島近海,29°20.9′N,129°26.6′E,14 km,3.0,震度２
2021/12/13,20:09:59.3,石川県能登地方,37°30.9′N,137°13.0′E,13 km,2.9,震度１
2021/12/13,16:30:37.7,トカラ列島近海,29°20.5′N,129°34.9′E,8 km,2.2,震度１
2021/12/13,11:29:35.9,トカラ列島近海,29°22.1′N,129°29.2′E,15 km,2.3,震度１
2021/12/13,11:03:59.0,トカラ列島近海,29°20.0′N,129°30.6′E,10 km,3.1,震度２
2021/12/13,10:53:04.3,トカラ列島近海,29°21.3′N,129°25.4′E,14 km,3.5,震度２
2021/12/12,22:36:43.1,茨城県南部,36°04.2′N,139°55.2′E,46 km,3.0,震度１
2021/12/12,21:29:39.9,トカラ列島近海,29°20.0′N,129°34.0′E,5 km,2.8,震度２
2021/12/12,18:41:58.6,宮城県沖,38°38.7′N,142°09.6′E,43 km,3.8,震度１
2021/12/12,12:30:58.7,茨城県南部,36°08.0′N,139°51.1′E,50 km,5.0,震度４
2021/12/12,12:21:26.5,北海道北西沖,44°26.1′N,141°00.5′E,269 km,4.8,震度１
2021/12/12,08:45:57.4,トカラ列島近海,29°17.1′N,129°19.1′E,21 km,2.8,震度１
2021/12/12,07:31:24.0,十勝地方南部,42°18.9′N,143°05.8′E,48 km,3.4,震度１
2021/12/12,06:34:13.8,根室半島南東沖,43°15.7′N,146°19.3′E,46 km,4.5,震度２
2021/12/11,21:05:37.9,トカラ列島近海,29°23.5′N,129°35.5′E,3 km,2.4,震度１
2021/12/11,20:53:48.8,宮城県沖,38°19.8′N,141°38.5′E,55 km,4.0,震度２
2021/12/11,16:59:45.7,兵庫県南東部,35°12.2′N,135°10.3′E,15 km,3.7,震度３
2021/12/11,16:09:26.4,トカラ列島近海,29°20.7′N,129°07.8′E,14 km,3.6,震度２
2021/12/11,13:23:34.9,トカラ列島近海,29°21.5′N,129°27.3′E,13 km,2.5,震度１
2021/12/11,10:21:41.9,トカラ列島近海,29°22.2′N,129°33.7′E,4 km,2.3,震度１
2021/12/11,09:43:10.3,奄美大島北西沖,28°06.3′N,128°03.0′E,16 km,3.9,震度１
2021/12/11,08:42:31.0,熊本県阿蘇地方,32°57.7′N,131°07.4′E,8 km,3.7,震度３
2021/12/11,08:22:34.5,トカラ列島近海,29°18.2′N,129°27.4′E,11 km,2.3,震度１
2021/12/11,08:17:32.5,トカラ列島近海,29°21.6′N,129°30.9′E,12 km,2.4,震度１
2021/12/10,23:29:30.7,熊本県阿蘇地方,32°57.8′N,131°07.4′E,8 km,3.0,震度２
2021/12/10,23:22:57.5,胆振地方中東部,42°36.6′N,142°06.2′E,11 km,2.7,震度１
2021/12/10,23:10:40.6,トカラ列島近海,29°22.2′N,129°29.7′E,27 km,1.7,震度１
2021/12/10,20:14:31.6,トカラ列島近海,29°23.4′N,129°31.8′E,15 km,3.0,震度３
2021/12/10,20:13:05.6,トカラ列島近海,29°22.6′N,129°31.7′E,20 km,不明,震度１
2021/12/10,19:57:20.3,熊本県阿蘇地方,32°57.8′N,131°07.3′E,8 km,3.3,震度２
2021/12/10,19:17:16.9,トカラ列島近海,29°19.3′N,129°12.4′E,14 km,2.9,震度１
2021/12/10,18:38:04.8,トカラ列島近海,29°20.9′N,129°32.6′E,14 km,2.6,震度２
2021/12/10,16:11:02.6,トカラ列島近海,29°21.0′N,129°33.4′E,4 km,2.9,震度２
2021/12/10,12:49:34.1,宮城県沖,38°29.4′N,142°08.7′E,40 km,3.6,震度１
2021/12/10,09:01:36.4,トカラ列島近海,29°22.0′N,129°30.1′E,24 km,2.7,震度１
2021/12/10,06:16:20.6,京都府南部,35°01.0′N,135°36.2′E,13 km,2.9,震度１
2021/12/09,22:54:37.2,トカラ列島近海,29°18.7′N,129°28.9′E,9 km,2.6,震度１
2021/12/09,22:02:48.2,トカラ列島近海,29°17.7′N,129°24.9′E,21 km,2.9,震度１
2021/12/09,21:26:55.9,トカラ列島近海,29°20.6′N,129°33.5′E,21 km,1.9,震度１
2021/12/09,21:09:25.9,トカラ列島近海,29°20.2′N,129°32.9′E,8 km,2.1,震度１
2021/12/09,20:52:53.6,トカラ列島近海,29°19.4′N,129°27.2′E,16 km,3.1,震度１
2021/12/09,20:43:56.9,トカラ列島近海,29°22.1′N,129°29.0′E,25 km,2.4,震度２
2021/12/09,20:08:47.1,トカラ列島近海,29°16.0′N,129°20.1′E,19 km,2.5,震度１
2021/12/09,19:17:31.5,トカラ列島近海,29°19.9′N,129°24.9′E,17 km,4.0,震度２
2021/12/09,19:10:32.7,トカラ列島近海,29°19.0′N,129°28.3′E,13 km,2.8,震度１
2021/12/09,18:22:23.2,トカラ列島近海,29°21.0′N,129°23.7′E,16 km,3.4,震度２
2021/12/09,18:02:36.1,トカラ列島近海,29°21.4′N,129°25.1′E,19 km,2.7,震度１
2021/12/09,17:18:59.4,茨城県沖,36°21.7′N,140°59.2′E,43 km,3.2,震度１
2021/12/09,17:11:02.1,トカラ列島近海,29°20.5′N,129°33.5′E,14 km,2.7,震度１
2021/12/09,16:08:13.2,トカラ列島近海,29°20.2′N,129°33.5′E,20 km,1.8,震度１
2021/12/09,16:06:34.8,トカラ列島近海,29°24.2′N,129°30.3′E,21 km,2.6,震度１
2021/12/09,15:25:13.0,和歌山県北部,34°10.0′N,135°24.1′E,67 km,3.5,震度１
2021/12/09,15:24:03.7,トカラ列島近海,29°25.8′N,129°25.7′E,20 km,2.4,震度１
2021/12/09,15:18:58.2,トカラ列島近海,29°22.6′N,129°26.5′E,19 km,2.8,震度１
2021/12/09,15:18:11.7,トカラ列島近海,29°21.0′N,129°31.1′E,16 km,2.5,震度１
2021/12/09,14:32:31.4,トカラ列島近海,29°18.1′N,129°32.0′E,4 km,不明,震度１
2021/12/09,13:13:04.5,トカラ列島近海,29°21.6′N,129°27.2′E,15 km,2.6,震度１
2021/12/09,13:05:49.7,トカラ列島近海,29°19.7′N,129°26.3′E,14 km,2.8,震度１
2021/12/09,12:56:59.7,トカラ列島近海,29°22.8′N,129°24.0′E,22 km,2.0,震度１
2021/12/09,12:22:58.1,トカラ列島近海,29°17.3′N,129°18.5′E,10 km,3.1,震度２
2021/12/09,12:18:54.8,トカラ列島近海,29°22.6′N,129°28.8′E,24 km,2.5,震度１
2021/12/09,12:17:41.1,トカラ列島近海,29°22.9′N,129°28.3′E,29 km,2.3,震度１
2021/12/09,12:13:52.8,トカラ列島近海,29°20.4′N,129°31.7′E,14 km,2.2,震度１
2021/12/09,12:11:37.2,トカラ列島近海,29°18.7′N,129°32.5′E,3 km,2.1,震度１
2021/12/09,12:09:46.2,トカラ列島近海,29°20.9′N,129°28.5′E,20 km,2.6,震度２
2021/12/09,12:02:33.3,トカラ列島近海,29°21.8′N,129°36.9′E,8 km,2.7,震度２
2021/12/09,12:00:11.6,トカラ列島近海,29°20.4′N,129°24.6′E,19 km,3.2,震度１
2021/12/09,11:44:37.5,トカラ列島近海,29°19.1′N,129°22.5′E,16 km,3.2,震度２
2021/12/09,11:31:51.1,トカラ列島近海,29°22.3′N,129°27.1′E,7 km,3.3,震度２
2021/12/09,11:29:57.5,トカラ列島近海,29°21.1′N,129°18.2′E,26 km,2.5,震度１
2021/12/09,11:28:28.4,トカラ列島近海,29°19.1′N,129°10.0′E,22 km,2.6,震度１
2021/12/09,11:27:00.5,トカラ列島近海,29°19.0′N,129°23.3′E,20 km,2.8,震度１
2021/12/09,11:22:52.7,トカラ列島近海,29°16.5′N,129°23.5′E,21 km,2.8,震度１
2021/12/09,11:21:54.8,トカラ列島近海,29°19.6′N,129°24.5′E,4 km,3.0,震度１
2021/12/09,11:21:36.1,トカラ列島近海,29°15.7′N,129°13.7′E,13 km,2.1,震度１
2021/12/09,11:19:15.6,トカラ列島近海,29°21.9′N,129°26.6′E,28 km,2.3,震度１
2021/12/09,11:18:24.4,トカラ列島近海,29°17.1′N,129°18.1′E,6 km,2.6,震度１
2021/12/09,11:17:06.7,トカラ列島近海,29°19.3′N,129°21.3′E,17 km,3.4,震度２
2021/12/09,11:15:39.6,トカラ列島近海,29°16.6′N,129°37.0′E,22 km,2.2,震度１
2021/12/09,11:14:55.3,トカラ列島近海,29°15.6′N,129°12.4′E,13 km,2.7,震度２
2021/12/09,11:13:09.9,トカラ列島近海,29°15.9′N,129°20.1′E,3 km,2.8,震度２
2021/12/09,11:11:31.7,トカラ列島近海,29°19.5′N,129°20.7′E,5 km,2.4,震度１
2021/12/09,11:09:26.7,トカラ列島近海,29°19.2′N,129°22.1′E,13 km,4.2,震度３
2021/12/09,11:08:10.2,トカラ列島近海,29°22.2′N,129°27.5′E,6 km,3.0,震度３
2021/12/09,11:05:08.0,トカラ列島近海,29°20.5′N,129°27.0′E,14 km,6.1,震度５強
2021/12/09,07:42:58.2,トカラ列島近海,29°19.5′N,129°27.6′E,10 km,3.2,震度１
2021/12/09,07:25:40.5,トカラ列島近海,29°18.9′N,129°28.2′E,13 km,3.0,震度１
2021/12/09,03:04:23.5,福島県沖,37°11.0′N,141°12.7′E,20 km,3.5,震度１
2021/12/09,01:55:13.9,トカラ列島近海,29°20.0′N,129°26.3′E,16 km,2.5,震度１
2021/12/08,22:44:18.8,トカラ列島近海,29°20.0′N,129°25.5′E,20 km,4.0,震度４
2021/12/08,16:22:18.2,福島県沖,37°43.4′N,141°34.3′E,53 km,5.0,震度３
2021/12/08,11:10:04.2,トカラ列島近海,29°17.7′N,129°29.0′E,11 km,3.0,震度２
2021/12/08,08:14:13.4,沖縄本島近海,26°33.4′N,128°00.7′E,45 km,3.7,震度１
2021/12/08,07:12:30.9,トカラ列島近海,29°19.4′N,129°25.1′E,15 km,2.9,震度１
2021/12/08,05:50:16.5,青森県東方沖,41°35.6′N,141°57.4′E,59 km,3.8,震度１
2021/12/08,04:30:17.0,トカラ列島近海,29°16.7′N,129°07.5′E,10 km,3.0,震度１
2021/12/08,02:29:26.2,福島県沖,37°09.9′N,141°12.5′E,17 km,5.2,震度３
2021/12/08,01:18:21.4,トカラ列島近海,29°15.5′N,129°21.6′E,23 km,2.2,震度１
2021/12/07,23:11:23.2,石川県能登地方,37°30.2′N,137°13.2′E,13 km,2.7,震度１
2021/12/07,22:04:20.2,トカラ列島近海,29°16.3′N,129°22.5′E,25 km,2.5,震度１
2021/12/07,21:36:12.6,トカラ列島近海,29°19.1′N,129°25.9′E,17 km,2.5,震度１
2021/12/07,20:43:11.9,能登半島沖,37°31.1′N,137°13.6′E,13 km,3.4,震度２
2021/12/07,20:41:11.9,能登半島沖,37°31.3′N,137°13.8′E,13 km,3.2,震度２
2021/12/07,18:11:52.5,トカラ列島近海,29°16.2′N,129°07.7′E,9 km,2.3,震度１
2021/12/07,17:56:27.1,トカラ列島近海,29°16.0′N,129°10.6′E,11 km,3.2,震度１
2021/12/07,17:51:46.7,トカラ列島近海,29°16.8′N,129°09.5′E,10 km,3.2,震度２
2021/12/07,17:25:37.8,トカラ列島近海,29°16.5′N,129°22.3′E,21 km,2.8,震度１
2021/12/07,16:13:36.8,東京都２３区,35°42.7′N,139°40.4′E,31 km,2.5,震度１
2021/12/07,14:57:12.1,鹿児島湾,31°22.7′N,130°35.4′E,2 km,2.2,震度２
2021/12/07,14:30:52.9,トカラ列島近海,29°24.3′N,129°19.5′E,23 km,2.8,震度１
2021/12/07,14:28:18.0,トカラ列島近海,29°20.9′N,129°23.8′E,17 km,3.4,震度２
2021/12/07,13:15:51.0,トカラ列島近海,29°17.9′N,129°24.6′E,24 km,2.2,震度１
2021/12/07,13:10:22.4,トカラ列島近海,29°17.2′N,129°25.5′E,20 km,2.9,震度１
2021/12/07,13:03:18.7,トカラ列島近海,29°16.4′N,129°24.6′E,17 km,2.6,震度１
2021/12/07,12:44:32.0,トカラ列島近海,29°18.8′N,129°22.8′E,24 km,2.5,震度１
2021/12/07,12:15:42.2,トカラ列島近海,29°19.1′N,129°21.0′E,24 km,2.5,震度１
2021/12/07,11:24:54.8,トカラ列島近海,29°16.7′N,129°23.2′E,20 km,2.9,震度１
2021/12/07,11:13:34.6,トカラ列島近海,29°20.8′N,129°23.3′E,17 km,4.7,震度３
2021/12/07,10:48:41.4,伊豆大島近海,34°45.0′N,139°19.3′E,7 km,3.2,震度２
2021/12/07,10:04:25.3,トカラ列島近海,29°16.2′N,129°19.8′E,20 km,2.5,震度１
2021/12/07,09:46:57.0,有明海,32°44.0′N,130°35.5′E,11 km,2.5,震度１
2021/12/07,09:11:34.0,トカラ列島近海,29°18.8′N,129°25.8′E,10 km,2.9,震度１
2021/12/07,09:10:41.1,トカラ列島近海,29°19.6′N,129°24.9′E,14 km,2.8,震度１
2021/12/07,08:10:51.0,トカラ列島近海,29°15.6′N,129°24.9′E,15 km,2.6,震度１
2021/12/07,05:04:40.2,トカラ列島近海,29°18.0′N,129°18.5′E,21 km,3.6,震度３
2021/12/07,03:31:46.5,トカラ列島近海,29°16.1′N,129°24.1′E,23 km,3.1,震度２
2021/12/07,02:08:27.4,トカラ列島近海,29°17.5′N,129°15.7′E,12 km,2.5,震度１
2021/12/07,02:06:05.7,トカラ列島近海,29°16.0′N,129°23.2′E,21 km,2.7,震度１
2021/12/07,01:22:07.6,トカラ列島近海,29°15.3′N,129°13.8′E,15 km,1.9,震度１
2021/12/07,00:20:52.2,トカラ列島近海,29°17.4′N,129°24.8′E,20 km,2.4,震度１
2021/12/07,00:19:59.4,新潟県上越地方,37°13.3′N,138°26.1′E,14 km,2.8,震度２
2021/12/07,00:14:36.1,トカラ列島近海,29°18.2′N,129°24.3′E,20 km,3.0,震度２
2021/12/07,00:04:29.0,トカラ列島近海,29°17.0′N,129°22.8′E,18 km,2.7,震度１
2021/12/06,23:37:49.8,トカラ列島近海,29°17.4′N,129°21.3′E,23 km,2.8,震度１
2021/12/06,23:33:21.4,青森県東方沖,41°29.5′N,142°03.5′E,55 km,4.3,震度２
2021/12/06,22:46:12.3,トカラ列島近海,29°17.8′N,129°26.0′E,16 km,2.8,震度１
2021/12/06,21:51:02.9,伊豆大島近海,34°45.2′N,139°19.1′E,8 km,2.6,震度１
2021/12/06,21:45:38.3,伊豆大島近海,34°45.3′N,139°19.2′E,6 km,2.4,震度１
2021/12/06,21:44:40.1,伊豆大島近海,34°45.1′N,139°19.0′E,6 km,2.6,震度１
2021/12/06,21:43:04.9,伊豆大島近海,34°45.1′N,139°18.3′E,7 km,2.8,震度１
2021/12/06,21:39:59.9,伊豆大島近海,34°45.4′N,139°19.6′E,6 km,2.5,震度１
2021/12/06,21:35:50.6,伊豆大島近海,34°45.4′N,139°19.4′E,5 km,2.7,震度１
2021/12/06,20:55:46.3,伊豆大島近海,34°45.0′N,139°19.1′E,7 km,3.0,震度１
2021/12/06,20:54:04.1,福島県沖,37°19.8′N,141°15.7′E,32 km,3.4,震度１
2021/12/06,20:48:48.5,伊豆大島近海,34°45.8′N,139°19.1′E,5 km,2.3,震度１
2021/12/06,20:45:19.9,伊豆大島近海,34°45.0′N,139°19.4′E,6 km,2.1,震度１
2021/12/06,20:41:43.9,伊豆大島近海,34°45.1′N,139°19.1′E,7 km,2.7,震度１
2021/12/06,19:58:24.6,伊豆大島近海,34°44.9′N,139°19.4′E,7 km,2.6,震度１
2021/12/06,19:31:18.7,伊豆大島近海,34°45.0′N,139°19.7′E,6 km,2.2,震度１
2021/12/06,18:40:42.3,トカラ列島近海,29°17.0′N,129°21.8′E,22 km,2.9,震度１
2021/12/06,17:09:35.6,福島県沖,37°39.9′N,141°18.7′E,61 km,4.3,震度３
2021/12/06,15:57:02.1,トカラ列島近海,29°17.5′N,129°21.9′E,24 km,2.4,震度１
2021/12/06,15:53:34.1,トカラ列島近海,29°15.9′N,129°26.7′E,15 km,2.5,震度１
2021/12/06,15:31:32.8,トカラ列島近海,29°18.6′N,129°24.3′E,20 km,2.5,震度１
2021/12/06,15:14:25.9,伊豆大島近海,34°44.8′N,139°19.6′E,6 km,2.3,震度１
2021/12/06,15:14:10.3,トカラ列島近海,29°17.1′N,129°24.8′E,19 km,3.4,震度２
2021/12/06,14:34:25.9,伊豆大島近海,34°44.9′N,139°19.8′E,6 km,2.1,震度１
2021/12/06,13:50:01.3,伊豆大島近海,34°44.6′N,139°19.9′E,6 km,2.2,震度１
2021/12/06,13:46:58.5,伊豆大島近海,34°45.3′N,139°19.7′E,6 km,3.2,震度２
2021/12/06,13:40:38.1,伊豆大島近海,34°45.5′N,139°19.5′E,6 km,2.2,震度１
2021/12/06,12:54:09.4,トカラ列島近海,29°17.1′N,129°21.5′E,20 km,3.2,震度１
2021/12/06,12:50:54.3,トカラ列島近海,29°16.0′N,129°12.6′E,13 km,2.4,震度２
2021/12/06,12:49:56.7,トカラ列島近海,29°15.1′N,129°13.1′E,16 km,2.8,震度２
2021/12/06,11:36:20.0,トカラ列島近海,29°17.8′N,129°24.6′E,23 km,3.4,震度２
2021/12/06,11:30:48.6,トカラ列島近海,29°17.4′N,129°24.5′E,21 km,3.1,震度１
2021/12/06,11:26:23.4,トカラ列島近海,29°17.2′N,129°25.2′E,18 km,2.8,震度１
2021/12/06,11:21:14.2,トカラ列島近海,29°16.3′N,129°25.9′E,16 km,2.7,震度１
2021/12/06,11:18:37.5,トカラ列島近海,29°14.6′N,129°23.7′E,21 km,2.7,震度１
2021/12/06,11:16:21.5,トカラ列島近海,29°16.0′N,129°26.6′E,16 km,2.8,震度１
2021/12/06,11:11:50.1,トカラ列島近海,29°15.5′N,129°18.7′E,17 km,2.7,震度１
2021/12/06,11:10:27.9,トカラ列島近海,29°17.2′N,129°23.8′E,18 km,2.8,震度１
2021/12/06,11:09:41.0,トカラ列島近海,29°16.5′N,129°26.0′E,16 km,3.1,震度２
2021/12/06,11:09:01.5,伊豆大島近海,34°45.3′N,139°19.9′E,5 km,2.4,震度２
2021/12/06,11:02:48.9,トカラ列島近海,29°16.3′N,129°19.3′E,28 km,2.3,震度１
2021/12/06,10:59:25.8,トカラ列島近海,29°17.9′N,129°19.5′E,20 km,3.6,震度２
2021/12/06,10:58:58.3,トカラ列島近海,29°20.3′N,129°22.8′E,18 km,4.1,震度３
2021/12/06,10:57:01.5,トカラ列島近海,29°17.7′N,129°25.8′E,19 km,2.7,震度１
2021/12/06,10:55:50.1,トカラ列島近海,29°16.1′N,129°26.6′E,16 km,3.1,震度２
2021/12/06,10:48:27.4,トカラ列島近海,29°16.3′N,129°23.7′E,21 km,3.2,震度２
2021/12/06,10:47:27.5,トカラ列島近海,29°18.8′N,129°19.4′E,22 km,3.3,震度２
2021/12/06,10:43:25.4,トカラ列島近海,29°17.7′N,129°25.4′E,19 km,2.5,震度１
2021/12/06,09:46:31.3,トカラ列島近海,29°19.3′N,129°23.6′E,24 km,3.1,震度１
2021/12/06,09:24:06.7,トカラ列島近海,29°21.6′N,129°21.7′E,19 km,3.8,震度２
2021/12/06,08:16:57.6,トカラ列島近海,29°22.6′N,129°17.1′E,24 km,3.9,震度２
2021/12/06,07:47:34.0,トカラ列島近海,29°19.7′N,129°19.6′E,24 km,2.7,震度１
2021/12/06,07:17:28.8,トカラ列島近海,29°16.3′N,129°22.9′E,13 km,3.5,震度２
2021/12/06,07:16:55.3,トカラ列島近海,29°19.3′N,129°23.6′E,20 km,3.5,震度２
2021/12/06,06:49:48.3,熊本県熊本地方,32°34.5′N,130°42.5′E,11 km,2.5,震度１
2021/12/06,05:53:25.5,熊本県熊本地方,32°34.5′N,130°42.6′E,11 km,2.7,震度１
2021/12/06,05:52:36.9,トカラ列島近海,29°17.3′N,129°20.2′E,18 km,2.1,震度１
2021/12/06,04:53:01.4,トカラ列島近海,29°19.2′N,129°21.6′E,24 km,3.1,震度１
2021/12/06,04:33:19.5,トカラ列島近海,29°18.8′N,129°24.4′E,19 km,3.4,震度２
2021/12/06,03:14:37.6,トカラ列島近海,29°17.8′N,129°23.3′E,19 km,3.1,震度２
2021/12/06,02:24:25.1,トカラ列島近海,29°16.5′N,129°21.6′E,18 km,2.3,震度１
2021/12/06,01:48:01.4,トカラ列島近海,29°17.0′N,129°20.3′E,20 km,2.8,震度１
2021/12/06,01:34:45.2,トカラ列島近海,29°17.4′N,129°16.9′E,23 km,2.3,震度１
